RuleId,Token,RecordId
T1,InU++M4AI7ox8hE5Nxnxw9IQKnqnAuIEeXCM82xEAes3TnoO3sewbTWKl2IVVtuGldrgFYhVj1JVMdbsP59xC1PDez7XaiLH,a6ecf276-dba8-4bda-81e0-c721befac109
T2,fOZ95dWWQ1trNUt1/iIg7kvZaS+s5q3++ufsuEpPEwTDs2ENUSbOw2nyUStU65uC0Bw/cMzyNCoA66V0CODYfDQNyQp8IC2F,a6ecf276-dba8-4bda-81e0-c721befac109
T3,HH5du117ebQxQ7ZjHZOsVjS9oyE3rqUYHYzdlVY1zG5Bz97jgbbkgLVSu8rYGkh3YqiWtXTiWAvjQDyikGEeSap2fXnAohhM,a6ecf276-dba8-4bda-81e0-c721befac109
T4,3hJuI8apd4oC8TJ3xidRVSOjiBjixFM2YJ9lXj8SxjsjsDuKPrNhXfafgPDFwYfTfTC9VMdEB3/0JvtuTV7aOPf4iL0fHA2E,a6ecf276-dba8-4bda-81e0-c721befac109
T5,KM9ekYOXfR+R5+YOkTWvr0lOzzN5cc2zly9FPruuE4dXEwlIbXQfK5X5WREiD9Zz3RRuiG1C5Mt/AftC5vhk7sSHMgKzecAL,a6ecf276-dba8-4bda-81e0-c721befac109
T1,7/PuOZl6mLPtVghyapujexd2dNQOU0kTw3i1VSjlm0O0kg0n/cHAoKak/KWWuqulega7Jxk2X+EjOcY+zxM3mDPxnW5WC70H,9654bb6e-34d3-460f-aa15-e9326d14a09d
T2,M7MQcsfLWbf4M0yZ5VgVzznKDUlP5rxWmChZzg5EJTQf8LQ6Wt2khPOXN7likre3hR60EHWsjpCR1dD6z+Zz9XQ4L51SPPKf,9654bb6e-34d3-460f-aa15-e9326d14a09d
T3,oFOg2FtQtS1z49IXkuMktrh7/8WLn4aC20hkyM8IXglrNkka9ltC9PJQzi4T7jCi5dnoEKoClKU6zVWAMVuZzqyaYmhpqm/v,9654bb6e-34d3-460f-aa15-e9326d14a09d
T4,xmj9xVF4U1QCBMB4nnSBXyveFKotmkzyl1Xc8C754fYRaZpdKVSFkuorXys9IChMGva6pfOLxwyJO95uWNxuLJW4e0H1rMN9,9654bb6e-34d3-460f-aa15-e9326d14a09d
T5,rZZjZ2KM02YqMHjIZjiY0jHWDO2h8EdOQYA+UQfTBDjJByw0QGPVoGrTUdYkrBamtkgk4l6J8iZiJ1zietlyJnDbP9b4pkDj,9654bb6e-34d3-460f-aa15-e9326d14a09d
T1,Y8iz9GOhuezDih2bltVb1ZRaw6tKxDVr/WHdH02D91heXPsx0PbxNxX1XMERovihBv0x/zM5kVkjjIxop5TP9HWP8qLb6+tr,c060fa25-ae7a-4d15-ac65-d422dc05355b
T2,+KKr6FdR+fxfZwaJXvq3E5lAvH7j0VexYGTAemkPJkFupVxG6vDpdW16ILoToBVCMJTXvlz+0OjV9IMVeNfJJbk+y3dGjfu2,c060fa25-ae7a-4d15-ac65-d422dc05355b
T3,WFV7X5JCoo6ZqtVUZmkjKojTt6gNglhCksFKjMT+6hX74toxrlrWcWReCKqeEDzadetYzm+Cfp0nBQ5/d1jvZ5mCiLE9fdVD,c060fa25-ae7a-4d15-ac65-d422dc05355b
T4,FhVIeLNa+Ipn2kJSfi1eZ8UGatKizxOi/xG+PQigY/ilj9MMde1f65a6MJQmAYq7ZVkFCOhk+/oAtCxN2/nClp9JxTvr1Ptw,c060fa25-ae7a-4d15-ac65-d422dc05355b
T5,vBVbMfcb1k6AaNW2s17RNR0SzirqpGTprXUqlt7AZPqVGdwrB0pzI3RKq00j9sP94/8js8rWmBNMAZ9r5gDrePfCp2mnxCu7,c060fa25-ae7a-4d15-ac65-d422dc05355b
T1,CY7imQRzBTEHDLPFM6EtjfXvFlx5i2oDVOhFYrg5WokgJ2wWVWQrDVeaLD/m22KOud4DZn4twn/gL3X408wXhtts7VtVUWOJ,57a0ec33-f06f-40f5-9590-09c49b8ce1e3
T2,/qU11427UCs9X4X86QvW47eRfjwpTKLysnZ9qbXQ1C0tw7ezIh06ID2A/cIBaZV0FKVxmGbr4Asy3x+XUOWGaILLVdaxjxqo,57a0ec33-f06f-40f5-9590-09c49b8ce1e3
T3,YbjL8hx8hrlvmO14DXP0Y15YZf+hb0UyYgAwbIlyxBccyKVlz4u7EqLuvI0ttQSJbTP0GXUf1AkvleEBdvKaeDfIKjWlmZR2,57a0ec33-f06f-40f5-9590-09c49b8ce1e3
T4,WvBtaRXxjATyEOnt14kUjnEZ4YYMoig4RyjNBczA7rmlXDZMG7vycP2S2lgXU2kjp+XH4epl90Qw1NgOv7NavOQh3zMtn6q5,57a0ec33-f06f-40f5-9590-09c49b8ce1e3
T5,N5uko+g7FxdvBPk+wwDSbJaQfRypiMOsEbuUXVpTiMaZaHkOsK6kzLvDBajc6TZHmQ6131gHb+6KpguQnqpxXHde8vf04GtI,57a0ec33-f06f-40f5-9590-09c49b8ce1e3
T1,vsi6LFfsHqpSt0xH56N1EuhZObwIxsxx5XZz6r0OZwpLUO580WkyF2VQYDtzPI4gnTjt2FiaBqH4V3mkEJzJxeFkqDDQdCUS,5f4c33e2-a293-46da-a03f-1e566cc22003
T2,swyEW3SHlij/dYEWnq5qkCGL+0pdkNSepHp99fDrWMLL1f3oAgqus+8HBCYEoTjmFbJavgyzVwac88K7OD8Kr6oA5GJwcJ3Y,5f4c33e2-a293-46da-a03f-1e566cc22003
T3,Kuy+CVIQLCjUL5CdLRtQ40VUiuPvXyBhlA9Wp0/NU7Tqe1x8Tnl0xVTPPH2fjz3C3Dk0jLVmFgcAePCS9tZad7OIl+r6lft4,5f4c33e2-a293-46da-a03f-1e566cc22003
T4,zy6OC2ogDQDFhvvw23qhYkFi3WMImptMCE92U2JedJGGVaASzRYsj8DXRwn5UoZNYsE8B7TrB3dFGRc9p4cAIZZVyxnPfVx0,5f4c33e2-a293-46da-a03f-1e566cc22003
T5,XRBTWEMBLd9gHy/PI6V9uPz6ttlIaUkr18tWBgOrc0yVRggMQSzxGtH1WmvIxyjZOTKyICmhhFcBKw3G14d+zBOroS5ayNJD,5f4c33e2-a293-46da-a03f-1e566cc22003
T1,3Q/i8PCKv4pL6uWt8i6SUJniI44lC3DrhoZgakgZMtQgMUcNDbRmH7nhAKV/88tEyasmzyfcrHcMxstgQrHxyDqFYMfyYtfr,acba2662-017a-46ac-9480-56652b784c75
T2,n2bRXf0XoQpDqa5JE1mE3dfPb+z+s8cDryratEaRgTx6Z1mWwDZ4+S2OUDSdLgIds7Tidb6EkI5AMcqCSeoA5IHcWV6xvhpb,acba2662-017a-46ac-9480-56652b784c75
T3,+wivDtUQ28AVN06SuoRyMhzT5HN0Cqcq02fUYMO2Lvg+5U/6TGaVjrc9cQPojof4GVkSWji1BICtCt3nyo0YRoXFwCJ/Vhle,acba2662-017a-46ac-9480-56652b784c75
T4,No1QdL2FY4KjrtZ1ajcsyMrIWaDmIU3gcm44QElQBos68/j3rxlb5LvFvVskzcnAsgepa9fE4pxFNV1MS8mEHGhVy8nm8aTC,acba2662-017a-46ac-9480-56652b784c75
T5,vB9/0W2tm89IfLhtfB/8LeexcHMiX5BTvSHL7xJii5DGN3AKwIbWP/p9B/VZBGiocDggYERF7jJjxfCTzSMDGN4DiubX540K,acba2662-017a-46ac-9480-56652b784c75
T1,PHi8pB/fvXnRhHxBlKNtyFApJ4GiYwNe37Vss7M+8Wp0cXk2PRlSKVtA0O1//bScp+0JL8RE+Q3VlEp8zOb/Kg1DZNzSPz5R,034af407-795e-4436-972c-1f9a1c724ccb
T2,zKBQtOvuLXDzXDrmoL3EE2b9WtMp3unEJ3OWAl+uMSYIk+asyo/QvsevTCI0YQ7lSXoWv2XLGg856mS1lHCVEUhsiW5zmQRk,034af407-795e-4436-972c-1f9a1c724ccb
T3,TK50iuJD6ektFR5Q3jY8QOq0EueNBuOfbyoqWGG2c0qR2ilkcKT1Gg2YsFg+P/1SfTLnJ3O+AGZbuqOHMUgQeUA79qoCAQSZ,034af407-795e-4436-972c-1f9a1c724ccb
T4,VUTU/rcFX87ZvGg/c/xgR/BAILbCv67VIAVlB+wvwOzbjGeHNG7jGxKTiNLSSUT9tSc6Mrt554rwFEYtrVVLwoBTH9cBnae6,034af407-795e-4436-972c-1f9a1c724ccb
T5,jKpNu8QYFhnP/+G/YHX49bsw023s4Ik1da4WdiENuq2YAjF8eJuFUnK0ZyJ4qPLf9GKKlEw+FHvA4f46UvbVLuuYSmKEM7rI,034af407-795e-4436-972c-1f9a1c724ccb
T1,df4SCiuKpw+8w3aVNf8jwTyx8jrt3p7yPwacYcpFKkN6ZQTqEGq88zL9Dp3egt8YTgwmCN+yoyIQSENSC+zlO4VIkD9RYzAr,b29bc607-7393-4f24-8298-59f80e98ed19
T2,LZVKGzyI2sr4P7/jqQ4ga5qSONeiaTn6flQOLc5dx3LyVk7LjQoPXcnuQg50fXSABmcGaeyyftGqz7KFtfZA3PukJ8ti3AuR,b29bc607-7393-4f24-8298-59f80e98ed19
T3,//Xunf32xsF1hATARyCoVbstQ/vO2TPQNd7p0euxUwOOrb8PVMYWJblXOdtVjRNuOFFqjAkoslAEM+LbNiUq8wz+XqkMQrNR,b29bc607-7393-4f24-8298-59f80e98ed19
T4,1BExRg58FqZepr4/9PheoGjhWOlt7d0ABO3qhDGwPMArJsLjcRZCLy3ojIDEpmi/CzJXIDwb5lu0Rmk/8/4aH7a5r7hbdimF,b29bc607-7393-4f24-8298-59f80e98ed19
T5,pClOp66LJdiecQCq6oYsYxf96vBvBC+DFf9BMdVDUa5bUn0avimsUY5FoBJ4X7j8LM/BL4Cf68+QBo2LKhy09z+RZ7gylVuH,b29bc607-7393-4f24-8298-59f80e98ed19
T1,H4NQOpliPxHIldhYVnOs5OqRezwCZMXVdR85Ewilmbqs67c0EmpZAIi+ydxCdBXktEyKeHvRDV0WUyR3XuPZxNAHPaOCE2e0,5d829325-48ad-4545-82ea-680a202bb421
T2,BT2a46UfQaehlWeBZVVFwBraQpoZnFR5pSem39IgUa22WszhRqIX1uMDkn7vDhxgfKNH08wXf9tv4y4Nz4CThNJUIe1WlFIb,5d829325-48ad-4545-82ea-680a202bb421
T3,Myioj9Uwe9ZKcu1ZNIgXzl7P0YHj4FwBkDmbqGezv4jISa8pZDUQJhaKi2ykNitGOU4JUF/EveuSpdCqUBvGsilKjzBNdAxA,5d829325-48ad-4545-82ea-680a202bb421
T4,aRedoNP89nP9VbMw3jxNbFHzkeb0bxTU7g4fCwlEljCMS4L4t92ZmHlSCUrzDp8r49GR3uP87lz3leo6f6KnCL9UYoLYWHL0,5d829325-48ad-4545-82ea-680a202bb421
T5,gkBsdtQ1xKumhk3SOOajk+K5sWYQrhQjPG77Ggd76nte1ndNBn6GxtTiabI10BuoG6YirENSJRqQgXeO27e7i/eXAquptEFV,5d829325-48ad-4545-82ea-680a202bb421
T1,lYV4sAeSk0VuMk3OrEp1qwSNlcfNmzTVpS1516pEvu5h3tBCqyqIK3Iy851kk+CvwEKseTGN4oyj7yBeAEflEKB1GP8QLdXR,3ecdc976-f76d-4cbc-9ec0-e712641d6ec8
T2,urD3Xbz3tH/EwmZq3NvG0Km6OanzDA6lTlEoa8PDnbtxMWoYGUlo852xN9TtC1mQqeJ9cmJHkGWUpzqLQe0fAUH7ttsWpLgu,3ecdc976-f76d-4cbc-9ec0-e712641d6ec8
T3,ewK71mWefbjzMAkEXaCn8HyXBXirQTukTjzs/MJaUBA71/9b8pRrIoqC8Gc7GQvjFslTmn6YRyJUkl78wTnBotq90fDn+wHP,3ecdc976-f76d-4cbc-9ec0-e712641d6ec8
T4,klsbxyDdRSMDJVcqtyi+/gtWIDrJJ9S5uEWWbB7STURxgu/RxgJcBms8rrWq8mzM3zV3CvxDfaQiSscQZCLcCdnngnio60cI,3ecdc976-f76d-4cbc-9ec0-e712641d6ec8
T5,WIylWK7P3Zb1SSRx8lwhJZwt5k3o/jPmESeKOzryxMNndPybApQRsRvHGdS+xu8pC1rn8ooD/zA8EKce7MPK0Twtg97KbE3H,3ecdc976-f76d-4cbc-9ec0-e712641d6ec8
T1,4W1tTyegDETA3a5W5C6Ihv6+rTakdrmCCvpvMzXjLyHKME9PD554lgu2C86OLdxuIbGN7vLYBl/xNPvjRjvi3/iwX2g1nlRI,56f562e1-15ec-4009-9151-d10768518fb9
T2,dF/MmHCvL0BrTxHDbZKo2sn02YpRgzaWEz9xgcOUwLoJ/2hqctmYx0ahMTqaeK7CIhqQsXLQdGrRv2oYBOMmHeFw/HP2kZAQ,56f562e1-15ec-4009-9151-d10768518fb9
T3,Rhi374+ydXY9E+LlG4eRPkhZp4GeiTROD7zFSu/SPg7NJLSqK2wtkLjrMFNtyGs7Rn+8dmwFrwNCx5yIEExREfwnq9+Ol+E3,56f562e1-15ec-4009-9151-d10768518fb9
T4,EpedC4LYnB/nuljHlY8/a8CA+/1sPe1jB1DXx04PJykQliFJUZQSVdVk+95CRmGd2m06tHOacYNeh0SBjovW0juzQUftUu6W,56f562e1-15ec-4009-9151-d10768518fb9
T5,rY9k1qgRd3Vm8KPEHC0g+ubZw6h2qHqIP1T3v+61wb1rCfKjFM0dzZ+4462Q4IC88mEYoeertMMYOaHV6l6XxH5cxGZgCGqm,56f562e1-15ec-4009-9151-d10768518fb9
T1,Gv2dxSYTkwxaPEAluxfX6+OzD7rPAujQmhp4u3DJZ0kb+j9qSVKUnKG4QLLrT7OQp/bB2UclUTwBCXrwBdHNDxqxnNzXuiG+,ef000333-02e0-4abc-ba17-23bb7258d731
T2,D4au/VdYgLYl/2DAk+JL0xs2AYLZ9ruzccUXTFs1ckjTbvR6yxsyIdd7Esr+rWVmbIFSfYjFGLO+A8uBuhwRm57TlGm5yElF,ef000333-02e0-4abc-ba17-23bb7258d731
T3,HeggO2GpuIVnP1KcDccEGbs6SVu4LIbX1MWAZOqGswchvwjSzXXZVj9WFPdfYfTXfQ/iSfmgkDMETZFefrxv7/UNSzKe1Ifm,ef000333-02e0-4abc-ba17-23bb7258d731
T4,mfT2ZHzxAwoTxR4q219uivY+OXhIZTOGOTuW3p+EJg3eI8wyci9w5JWmylQoPT+v5iRHqV7J74Ms8MJ+QxKUgCnPIX7AJYV6,ef000333-02e0-4abc-ba17-23bb7258d731
T5,9ywQn7gcx/Xvf+pt7do4HrUK/BdBU8GKxsfvoOF655GQUy/NlmzKV4HlHF1A168k1BpoXLhMqsT5/t1WuXEhIdbF0kc4YP4j,ef000333-02e0-4abc-ba17-23bb7258d731
T1,TqZAbYEb+JTfYJP3foCfiLrrZXQEK0xPzEmC7FbQogPpeMcYa5szuNFdGf4tIZUWFyrL3rRx/bzKi9nwArgjGTpYWGKalOQf,db1eb34b-a55e-47ab-a15c-bcf2b4caa211
T2,qYSw8iTScowMRj31Jx3fUeWbA1UbBizBCrPv2Dz8Jr2N6PomWB/0PTV26gtuPdB5oEQBncpHdGPwlOXMgaBoZay+ST4d7lm4,db1eb34b-a55e-47ab-a15c-bcf2b4caa211
T3,YTl81TSlbYlYpcsUHmp8n+kJwlmM0KoC0b5XeepMwXLrHcliZF7ZSyFBHEB9A5H7+zQMxmD+pf7qBWMd+l6wPTBl3sQa4fYa,db1eb34b-a55e-47ab-a15c-bcf2b4caa211
T4,TqD/iUNmZEBOoiDl90tgaNNXPoDq/spLHLL0gpwkAKO6aeAaZFlFNdinTAHYQL7xaBjgX1e+4yFpcI6Vz5ZGgew8MW+zEabx,db1eb34b-a55e-47ab-a15c-bcf2b4caa211
T5,o1QZv2FlYn3XSRAhnyEjWcfMv3/ydhHFY+X9aIZ6767h/75g9TVBf5xy4h8ZF1DOw7Tzy6rt+TzmQgCfqDZ8VWLYd4+k4sbl,db1eb34b-a55e-47ab-a15c-bcf2b4caa211
T1,6Jcy3Qw3aDW2fU1HbzGXfOHgwN8oVuZ05whn61d2RKsnFT/S9Kzm6/bljKZ8X1BF/7BjcLtoYrUIoV0P2/iHhIkUGs+LV06k,0f9b2bce-752b-4b86-8e51-8b5eaf2a7ce7
T2,oPQRhZuNOzgSrGGEv9gdB8t2u7gnItfO6MhRHQFbPmQouSLImt4bNjKpFsaps63mwNSW56UTb3dYhlKK+LQNdodDsxe+mm+Y,0f9b2bce-752b-4b86-8e51-8b5eaf2a7ce7
T3,vpbftHSfAuhbuqdiHs0T748ATBcOtY6tjr6uceKil1OwkwNPOwnh3YuidorhTqyg6VWJgTYvmmrfs/iYSP3t8bGrHAr/h1t0,0f9b2bce-752b-4b86-8e51-8b5eaf2a7ce7
T4,jtjs0apOJm+pBC40x1eaBlC9/BqR4UjDrRXalLAZcgXM2NvGcJEbP6UJHpP2GImsK0ujZL29GyuwskGXEVFyGIJIiA687BXQ,0f9b2bce-752b-4b86-8e51-8b5eaf2a7ce7
T5,6D2RYo57/CSaXsCPqGUpixBGep7cJgAzyUppR+Li6A/5zyzP4O7zbza7++OFBqOrFEBWTseCCsrVt9o7uFS0KO3GzRm/H4tE,0f9b2bce-752b-4b86-8e51-8b5eaf2a7ce7
T1,ggUEqAB3Tx7s4gIeON6VdTylwqkxm2Y1L+2gM1BIOAJdl4k/KeAWiD7+MAFJgCARkzftNUZCBSJiIqXlLxjCvUYviCmrA8Xi,d28b6326-dd60-4e2a-b93d-ca9bd1109fb6
T2,n/8d6vx+0Kw/0Jxr+EKfJwFwMnWiSeqAlpWWCIAPHky1YHqL6JFoKut1oQEwV64hzzdPe/UUc5Kwp1ojGbEK7VW5B5zAuTeL,d28b6326-dd60-4e2a-b93d-ca9bd1109fb6
T3,21riLxG5NQFP5XdYw4ypPAnioKPrmGXzWvyy2Iru9HNI43TLqr34bNIC5VFrowvW4lBOztAHI8bU0WxZJUN1pYv9wKZ4lAk5,d28b6326-dd60-4e2a-b93d-ca9bd1109fb6
T4,RMeh7rFyRVSzkrOGAfKj+quBSdnZ371ZN/MfyWoyAS9mayeYKOBgezq3wytledqkk637R7wH3G6Xb04Kp2aaYeoqAuq8jdsi,d28b6326-dd60-4e2a-b93d-ca9bd1109fb6
T5,v0ClOPHaxmbxVbliTg75TNI9tuu47HRutkyWA9XnU/ohjhbeSUZJ6lPADml8SgpFnzMRliXcU9QE+j5HpycsT9x57ppy7Sop,d28b6326-dd60-4e2a-b93d-ca9bd1109fb6
T1,JAN0/osfMQmD8sMI802EFdn4bOE/S5/mu0jUOOd3RbavsFY688H+4kcMqk89FyUhlFLUXGPHCS16fbehMNrf9XQbEX0b2+NO,82d4e563-2263-4718-adfb-8c22881556fd
T2,pGaWFLRweWVKEN6TAofjx3fVbJoEYR+lJycYj5ckP0aDnGSl5oMSO5Ql5Q+4fFCJXpLqOg2E1nzMaxEFYusfr382Mqoxvkpe,82d4e563-2263-4718-adfb-8c22881556fd
T3,wLzux/qWM0Y4MTPGuftx0CLPoJeET3N5kl6lfTOgjwj252wWEXShMa+1YGbdQZHUgXYfxrtUt6TZhw+hj5LjnCCHrG1+7TqC,82d4e563-2263-4718-adfb-8c22881556fd
T4,gyvckiSq+LTX6qPmO92K+LEuxcz/09jp2ruYmdQ1D0crEhXFblAaVMrSk+dpGrlJOMXyKJ4m6ePAl8FHbtE0UP7rcGkZESD5,82d4e563-2263-4718-adfb-8c22881556fd
T5,rbGR0ss41b7gR9M0cVaWyTovu3F5pSfyBhZ9uCSB6A8yZrjCLpbn3OsZ5hGPxc627TOd6EhZbJs7ikW+x94nQ0UncstydU8m,82d4e563-2263-4718-adfb-8c22881556fd
T1,25u8NcC+dMrBU4MhqTcGQCNWI2Fj3bm1kAS/RSXmet1Cz7Q6hoUwie07lqVNNhu+wNzekB6XJta42f71lyM5nok5c1gTQ2H3,c6f71952-a78e-42db-af33-09c34f5c2623
T2,osoD+qZ7DUqcHlyzuKRZ/v69NX73BqZigLogdGqiUzEaVj2jhtzhpLVzkOdQOVkf17JBmAg0F8j+5DtPLaS1vqclfMBOvG0B,c6f71952-a78e-42db-af33-09c34f5c2623
T3,ZuavOp1cx7LIux7Joe33uPbxKxWfGJqnfeK/q+MTSsbBFoB3IPZk7R57sjVisfK0gAF66PZCdAOMLktvoPbAC1oq03n2uXlo,c6f71952-a78e-42db-af33-09c34f5c2623
T4,y4t6uZd4SakgQQwhB2b70s15ia1Pved/TWNbDlJQXbIO+mTQDYZomovRCijSuf2DxP/QSuTasFuf726s8CW6nnNhU+dz+tzV,c6f71952-a78e-42db-af33-09c34f5c2623
T5,/kSz282DzIhlVAPs+UXwloAxuaeAeB8NTZt9m/G9kZ0bqDsyNvo7MNTfC05easK5qpSZFpwTuLv3NDL7LD9rxzpzF9FaI0I5,c6f71952-a78e-42db-af33-09c34f5c2623
T1,i6+YlLp0erRTiCNDGYAnh9aN0I3NNfrQ/HV1tmI2vbRXoHCw45zpaoWZhtxmcUHq7JNrlmBFYGzltBtCUNZeFJ8z3pHajUQV,de3501d9-8743-48d5-84e7-b9528fe7967f
T2,v+q32aZfpxLySTWsgi2moLS59DIJb3XNbFedVdSHpBkOvLaA+ODF6TRqJ9JqigtJvWUaoE/WISlfUP+A8A21wQgKerpsCc7+,de3501d9-8743-48d5-84e7-b9528fe7967f
T3,yi4dw1QCi5GjmZjO+mAnKazVcssB27lEqTeX6b4OLBLHmvAehUIhpzMrq/+iVMBGsQGH0PG2uSwx0Mscu9c7YKnbwOy7Dd2G,de3501d9-8743-48d5-84e7-b9528fe7967f
T4,jhrUDFph+Lcl0ckhPgJayoFmIQuj4gCk2vAbYtMCtFxZNSl+OBu4sCgKn0lthdIYWJnWPpv19DEaz+pOXUSeczQlYaUE0s9n,de3501d9-8743-48d5-84e7-b9528fe7967f
T5,Pb2Gs2zAvWWnMC/rzmabmR/dD+e+76oyhu08zjTkhQbOpLSJuxHFaOSvXgl8r1Fqa6MLrkmPOUvRBFgY138PR9Z3hSodG0dW,de3501d9-8743-48d5-84e7-b9528fe7967f
T1,Y3GMuy/TVkjEr1W2PHTvKcQsn4Ir4bbhJGjFHSnDKvZMMpjj5wFQatQhgm0x6L8s2dBxKLPZ4+kxlEltgDDGfQ01blBAGqXl,4445d0bc-4c48-4b13-93c2-643340b1def7
T2,kJcjvDD+8HFdFNG4EnxqDgmeac8qzqOS52g7mC8EoejMeOPxh+imeEpulaNoFbjYYAIE+B4BSHU19mAKjhfYdLNDIKXUIk07,4445d0bc-4c48-4b13-93c2-643340b1def7
T3,pxZ/tT9ZC3bQopJtLrh3xkVIHy5+Fv0SQlX8eHRk1i9syGB1Ibx/1RXy+wflBIcO8q3sYVGLNUiJpWknot1zAu6H9Ulyk7I6,4445d0bc-4c48-4b13-93c2-643340b1def7
T4,XKkVIVjfyP2bB0AhmpsOPJjxTKp3fVqQYkax6kgwsLqYbY5qquibLc6f/l+kud9uWXL30V0sK5/Cyh3bmaLBXg89d7gCbpBI,4445d0bc-4c48-4b13-93c2-643340b1def7
T5,CMLMF/5uqTjEvOPad2HzorZ2Leip77y8OHljx+tQvGknEMRBZ5EmaFGD7Prq6uz+5rhf0vI1s6SUKqath7A7G9aeRhhho67j,4445d0bc-4c48-4b13-93c2-643340b1def7
T1,SEKAFCTo+qGph+MXpB85uIwXagMXOuSGBnyFQ/2ZVajneiMfDI8SnT4DIvMtppElEuISKxnDv2kWGGtkbOeLVE6/HquuHpy7,c1bde443-950f-447c-a8cd-70bb37f67f2d
T2,oICdPZ/buM1w5iQuaFAdwhJVM+zfzyGkiKbRWRfMcc8sTbWYcWtR/97HhJoQOL4jzX/X7bKa6A6BxEOa/4ETLqBUS557t7Ml,c1bde443-950f-447c-a8cd-70bb37f67f2d
T3,EisP2LPoiE9SJ/Za8gOKyFw40Y0+U8kVKSKDKJcFvYocHld6gYCWhd3EIzW5YmVlmAwTyH/sHp7DtgIlP79kMAX6NNcw4SNg,c1bde443-950f-447c-a8cd-70bb37f67f2d
T4,qStPJonjGUujsV6rBtc1HyflOSuabQ9eJw3oiiZ8bJAb51BIxw85xeYKnvlgEHe9HUK5ZT85e7Js2g5f4YqLyqRG1RjkplU8,c1bde443-950f-447c-a8cd-70bb37f67f2d
T5,uv5Yax02vjeUupfKXjcInup05PU7WJ/wv8fpuNVSFutwf5f+OLAPUfIDVrbDs+aJx3BltqXHddUb8rcCgtBvlPbAXO0JOp3A,c1bde443-950f-447c-a8cd-70bb37f67f2d
T1,AXw+Yqc6b8w3XNI87BMqF+LtTIYBiq+Y8LYsHM0BqsPSh4FQYvirpRzVdPDET4bQ/Ta+lsuqHYbBvlc/OQmt0zlldUnVr+ON,1a58e665-092f-441b-9c7e-0bb6c5c38fe8
T2,pSnZSNdpLizTRP6FCL13JOx4SnyrZq/p1ml34pztTnFW1GjLob1mWwlMfmwylprI0PGflAlJn3jy2u+DNBS0mzmEIijAu5hd,1a58e665-092f-441b-9c7e-0bb6c5c38fe8
T3,+e1HTSlM8LnMlsMEDM+YkFgfwigzh/NpbkqS1CkGyxD8xiYTaCMcfs3o0sdZGU/WmpsTW21pjXIEy3Bt0xo3TQqDbY//YAyo,1a58e665-092f-441b-9c7e-0bb6c5c38fe8
T4,aVnWwk/eRZvChMxGzefk0j5usdsmHYAsqT2fopJglkrsRXrmjw8cmIKbxOQdxaEvCENV4cwguUzDyQ9Kia5JtFN+iqrc26Hz,1a58e665-092f-441b-9c7e-0bb6c5c38fe8
T5,EOQEbyee8vkpAxZgopg1xVSE+dfu0x3rn7ghDeUuMpJxx82uTHmrDir5XfrAkP6v3KYLItCtEur5Lbr+oZrGtyRNJ5l8wzOh,1a58e665-092f-441b-9c7e-0bb6c5c38fe8
T1,x/li2NJKCrwGbDCT6QRnSnOslZ+KzPkGeMssaZm7hZUkHHysdXUgz8+fYc7EyVEs83jRJILLFjdj/44IRJc4UndL/FlzX5CL,5f94c5ed-db4b-411b-9cbf-aca02967332c
T2,EOXXiu3f/8O+zwVoBiFLgdvb5zKX3IKNvhydWfaQSnQoVCqisF9s0ysmuxBpmbrFvFTCyiz2dyVw1jBdK6nUB1k3xIVjzstC,5f94c5ed-db4b-411b-9cbf-aca02967332c
T3,xjV7BgKfqJE2jMNOWUeNgHinG37acVFx5t4u4yblZQaqe+4FHNm/tjD/u5UzbAsfgQC4/SsAoRO/O7utfWYxfMkQ6PHxG0qN,5f94c5ed-db4b-411b-9cbf-aca02967332c
T4,1Xwy+mn6llPhE963b8wnTQsqiXZz8axtrF4d6QX4xTadITmEF9RKHANYZWnKDDgWDrouHTbLvz4NqMbRagEx7yLX01Ra6xEI,5f94c5ed-db4b-411b-9cbf-aca02967332c
T5,F5/+ILmaU9WUcdhMRVoznShn7evyKl7VtxvdmH4Qij8C5hn4ptQAd/zTHZC3RjqmLxZY1OUsy8bVoPQ46QD02Ql5tY9HWSxq,5f94c5ed-db4b-411b-9cbf-aca02967332c
T1,EKat9e0Tpr1wRy8FxqSJNhkq2zIV8FN6ZOmtxi6139W82YXflURZYA+LBR2XJJ0zpcigyeB+P5oCVumcBVnXgrXSGyAkTuEO,089e5dc5-cc4d-4c73-a8c5-28c917e16afe
T2,lz/q+Y6RBBFR61MgN2YBUesq8BjfWlccjVutcz+vjLuIWuWHeRwQZ/Dc6MzSF1nZ0fACcs5uiV2hwoia/h7P1yNqEhQHAjW/,089e5dc5-cc4d-4c73-a8c5-28c917e16afe
T3,S6Uus5igY8ptrV4sOqosdZuIvIRO3LQLywuse4NFYn0r1fY9+0o2YvR7RyKHLnP1HAQWn2wIjo0FIWigu6BkdulpZbzZkrBG,089e5dc5-cc4d-4c73-a8c5-28c917e16afe
T4,EHRbYvP3+2GKkAEUSPHjX24OqTHQPSza01neQKkn24GhwqIKW+tzxGCANJvbGZEq0NJuJqHiRjL3g/Eue4eUAh9KduE6b9Fg,089e5dc5-cc4d-4c73-a8c5-28c917e16afe
T5,g0ao2LQm/Ps1HpBn8il1N1EiUvIsg5gYr7XqaahLpB+8lfUSHcNciWe8c/Lq74hNOxPxPqja1Y3C/YVzKvuBSs8sj31d3XQo,089e5dc5-cc4d-4c73-a8c5-28c917e16afe
T1,cU8W8hdLCFv3ID/nh6UqKrs9NLuN1I9/RnB4g1j6HbjE5QscNMKmq8tngvjeOVntBT2u+bLQUSvVVWW1Nh7HmwwUugmAVDT2,4daa98f9-1019-4dcc-a931-6f89e7fcef72
T2,P8zOtIHUYojZdcwPhW4pbmcgEzHjjtMgNy3DHzYMIYtlaRIvFUSxzMICSnIgnXWAgL3p31HxOi4oES6wFhBWzMWpP5eeMB5m,4daa98f9-1019-4dcc-a931-6f89e7fcef72
T3,cN5n2vTubmuWBrwEWcuWIi6uVFw9EmA9NsqsUNIwSfc3JyENm1H8cJCUZCRl9hfwHBhlFnH2JNQxc+p2Jxgihbk5PL1z5YIy,4daa98f9-1019-4dcc-a931-6f89e7fcef72
T4,7EQEOb9v0vlphKi83xtPGs2+OdOThK2B5BTGv+6Ta31GqP0qlqooRgF9+sdVzofJVmDAbtfScCmF+hp9fiRCK3EQCaWkdRni,4daa98f9-1019-4dcc-a931-6f89e7fcef72
T5,Nz1QrCivq4x1fqMzJDGZ7LWGXLUcVoz4Q0Mpij+TMIX0eO4JTP854CJtYSeo6YTVukYNySR3NZ2OEKDZyVRgbd0S6ntqC17W,4daa98f9-1019-4dcc-a931-6f89e7fcef72
T1,lyncpVa5XpWSJ9/fNiltLpYjaUGNBMLLRP47rRPizaWIxgWe11fCREHcd4lq2x/AvnPz+koRarunYS0Zptc6PKNeyoQ5VoPP,bc8638f0-1b5d-47a1-b0d9-d5829fd3e60f
T2,b1pVReJBsPXp77EdrhjN+xfFgToCcuiSE3u6YjlBmBElHbaenSBpT+K0n9jV5Pkv092+IC1bHuTIdrN8HqlqKcK5bvcrTcQb,bc8638f0-1b5d-47a1-b0d9-d5829fd3e60f
T3,KFdvAnYD1DQKkLyjXghWPYWPuN/fJiEAzX8WpmTM6lzWw8Ibo7RgDl9qcrWRC79ycHyQ7tRj1NcJnfu7bQEVa+DZ7SEnAl9i,bc8638f0-1b5d-47a1-b0d9-d5829fd3e60f
T4,R0LyjiYlU8tHp30SKp/YMYumDlz8ctrOt0reL75yL0dXsg1ibRRsT5IMOIgfaQEr5rUPKYDuGvghmur6zxDSbMki5RJGRj7c,bc8638f0-1b5d-47a1-b0d9-d5829fd3e60f
T5,BXIZZPWSYJ0id6mCw3UJ7evUa//JQu6r8gJZYpKTp5Iyg6z6Z5N974lD/gwgicqMomH8GJzIFJkJxbrQ1h7AFK/IkgzvUv/F,bc8638f0-1b5d-47a1-b0d9-d5829fd3e60f
T1,robSr30cA5T2D3vMmKW5MQJ4XEwLgOnHPjuSZUe0MU07SwKTfNjmpP2uO6KHqiMnvWj6rIt/psqDstPSO6xwzxp2RKyDLZpA,ba38e6f7-73db-4472-8af9-02646aeaa254
T2,S0sq5n4Nyhk9WTpT5I9G1XLBy9fb+df3dTv20xWM8qmnkVccmwAYXJ1ekQlBT4mkrVMw3M2v5QeNCB5RBWuGpf8cYf0UVN2o,ba38e6f7-73db-4472-8af9-02646aeaa254
T3,Tf1exFUOQRkfeDz5vGe2LPkP2zH48dZjc/3vXmFSkB2Df8zhZFCb8j/eKPB+l5ye98QzDn1gY8f0giHetsFkcUkGoT93rST2,ba38e6f7-73db-4472-8af9-02646aeaa254
T4,KtEXty5fKaWHneV0uzahM0Jv2s/qAqNq+obpcAARzJnKC0jFlGXhbpq88X1dWv1ROf7amr/RFzMY89mjo+nGrMmWUzFwMOE4,ba38e6f7-73db-4472-8af9-02646aeaa254
T5,tbfIjGfYTTI2BneocVHHTv0a23pwWhH5jYm8En8+BdI/fDRfElSi+TViX8BglXs8SCqPPtRwLOMViCfJW0Saj+j9Tmx2ZYA8,ba38e6f7-73db-4472-8af9-02646aeaa254
T1,db1qnXviYQQBH7yQz6+J48JUAYfjUmhnGxKylNxqut76GaOXu0x+T9PGbxjCCx0E94GRfo2z48czPdfSLRT8MFe/6UrfO6l+,400d1988-8cb4-4f1f-bb9c-5b518880a86d
T2,jy+fiZ3r6RY+1lUnL8qhdq6P0l7eciElVpzjYKCQfUdsgRU+6r83KvllrOksVBmBnHLpvXTOdbcIRMsxpWPCP7TeK5k+07Bd,400d1988-8cb4-4f1f-bb9c-5b518880a86d
T3,zZ+mI6CoTr4rVM8NhYDTJKNgI1pz7wGteWWEgczx84u8hrA+XvrJ3F4qJrJckI7MhfDS3Ab+luQtRubgEWmS2JBsB2fq4ooF,400d1988-8cb4-4f1f-bb9c-5b518880a86d
T4,WPmczUt+lrV11VQF4RBCaOblwewWvhpVlj+QBXPjiuJir3sWuQVrVJyiXnwMkaXw8JoiXsZhQ7I2FT54dB6YREY1sifzaZRn,400d1988-8cb4-4f1f-bb9c-5b518880a86d
T5,hwg2E0aAGhv/5JKC3xZnOKuUZjW5j6BwWlelawwuDcQ8u/aFBXWPj/BWqbJi8ULlCOthCyYlWhkcruhcTTduW513kd37RiNm,400d1988-8cb4-4f1f-bb9c-5b518880a86d
T1,+lZXvr6RiRl/xNtgWrNcvcOt/udkDsCDs90g+ZnFu5v2ASC/BSi6tcgLQX0eTzOBwNNmVvuDvi7Ci4BlWTSDQkhMPaYOQdEL,2e43950a-3182-4b55-8730-7f39548ac2a3
T2,vI+hydhZ5dVby/7gvZNwnd0VFeNNOCHB38K6+28GGflANi3YvHwbnCfupeSSM2WVzMI1cMXYARK0bp0H2xh3y4iY8tiRErP0,2e43950a-3182-4b55-8730-7f39548ac2a3
T3,z9V+xsOqe2moAnR3YF3BIupNcPLUxjuMuTVqH9GsnLVPwxwqe69cLDJQkdShgnLN+XaMWFw537eE3yKop5yRsKjfeDIVhA9G,2e43950a-3182-4b55-8730-7f39548ac2a3
T4,QhN8twbfnLydo8o80aYQefOPoE0GAoU2hhbsSbPeoGLSbw+8+x8EmbE+0PpLM4QKiIMW9WDTQyZwkxAyyOd1b6/EDTvAkZU9,2e43950a-3182-4b55-8730-7f39548ac2a3
T5,5zKejrIVlOlbwvI0RIMf6ghBk7cwujnlM5HK2rSFQRfsz5bouGf3MUp1lbSCm0GXHrhlrzh5ZZHf7TYes8r4Nmn9u4GF1K3P,2e43950a-3182-4b55-8730-7f39548ac2a3
T1,ReIyn8mGmEq5u7/T3cHvJbPoJKdJIuhg64jrGctIf47y0SHC+GoHLBe4BpxtQrrqTfqQDZEvs8S435UCAIosScLYs2VkorXx,e1d4b298-dc81-4266-9f9e-447b63ab2700
T2,yPqSxYLssnoOjWfTaoe2H8m+Fq2QvM0zs9VOcCWyUxy3JYY/+6x8mC5xa+7OUEGY4vX5A0jRQ6jAwDUTigkfmZ07kGlWb5WM,e1d4b298-dc81-4266-9f9e-447b63ab2700
T3,GnlbqgmigUDoet4PEgI8Fzn9WkIgXa03x0Iea0wqryP+QqdWNf4ZjRygBCvhrcMhFnLkzTAA3dLRXWMwjuaLQlYKXBI5dxrb,e1d4b298-dc81-4266-9f9e-447b63ab2700
T4,iLYiY5Gv8rUn9sDTMJ/bklK4dOpUdUapx766K9QKywEop2fkztTaA5bLjlmxVs6fgUKsAAo4ls3XcLJsS5nGk3p0HZWvdoaP,e1d4b298-dc81-4266-9f9e-447b63ab2700
T5,5AggURNdsrK/pekL60lmTViUcA/YZzvp74Lda8A8ZG/TrVVkkNZqDJnbNZYlsaxtJrWwdF2LzAHyp8PXirRegp8zMItiOyts,e1d4b298-dc81-4266-9f9e-447b63ab2700
T1,wVdbW6PnoN6ztEzii7ekORonB5hjSU+OWXZTaQVoYhkx8bh9Jv5ZMBU6uSTKOC5dN+4Yzk6v8hHoEeJMjEFvdZZq8/xyJWX+,782e4f7b-85c2-43cd-a369-f39261177062
T2,mN68uKRs34TEt7zhLQAFwizyGzEsgvkodfRUD1WuZp6yFhhdykJQZdJ8e8rf2ksKBmz0QI2tef6/8UdvFODZHdhG8kzIj8yR,782e4f7b-85c2-43cd-a369-f39261177062
T3,TApcTTIWg0sXkz7QfjxnZfl7d83sDdVsrrrJJJ+flYcnm3wha5RZOwxAFRjLUhRoYulElBj6yRpSBdvn+cleS9Ikfg+XcKyH,782e4f7b-85c2-43cd-a369-f39261177062
T4,vpSM2Uj2+t32Fq96JT7qobYyEfR9B8y3ihuFfCXXl6rcIS4ysJde/qs27BFcX8azgJEYPBeMtQIQfdXVXpgN2ta48P9wIrVT,782e4f7b-85c2-43cd-a369-f39261177062
T5,k4ABJ0iJyJ29UMu4cFqZHEAhRdvUNmJ4730HvV2mcejDqfMvnOPYmH0lBdcy6mBbO0rscri7QT3ujGIzrsM8BIxUUY6wcrqO,782e4f7b-85c2-43cd-a369-f39261177062
T1,hCIJKULTMdhWfRgCBWFiD+YfML+adqKDbJo1B67bHtCNgC3VqgmsijTq2T9CcWsaY6rNsEuCLeiBTGsYwW5De6Cf3VlYIvfd,98d6d105-9b4d-438c-a7af-e6e0d7bdc712
T2,k8LSbWLWJ5sv5JHi1/C+BRi+EGqgFoAE8WhRQ/hw87Sak450i2Jp1dtxFa1OjbS4czE/sVX7sBuf8h8geSCABZiFAVhz9sce,98d6d105-9b4d-438c-a7af-e6e0d7bdc712
T3,LJ6Rt+bSn1ECfUFypqZsstwzAyHdeJvURFF7cIQiIhbx60EteQky0ZJQ4l9BC58y2rYO5/jSNFF2NjkpSThPDK3RZoIPDCO3,98d6d105-9b4d-438c-a7af-e6e0d7bdc712
T4,RBrmebHc7LZu4eTuTVrZHIUg9XN2UhOK3m0AE2BHVmDDBa8wsqeyUFon9LsOjWded/ldYv/VlfbPe+yB/Jl7+pAoP/YIGRUz,98d6d105-9b4d-438c-a7af-e6e0d7bdc712
T5,oy2+cKd6bHgrcMHKRO/8dYlS6O0q+osjjqazxxXa0vxhw6tal0GN7QMeeApZg8Zfyr+UBNQWd9swiHhpBEw05ieF1QzxCfc0,98d6d105-9b4d-438c-a7af-e6e0d7bdc712
T1,unuxeJ+NTNsvsAaCfcnUi0kiGZ2lF3pfY8ZLlw7UwLJcUnDG3afV/hCIMkobRXVHxNNGX8Z9uBPS/9plPjYL5TU7fqbpY7Ee,715cae5e-24b6-43c2-8cb3-1db65b53e8ab
T2,tkmBcA6KjqhklqsbjZbsAyNks/UmsOJh5xReplalHZOYG06pvZ1zk2XvViIo3LqyET2LaEiUC1NTHiQeNVlVwJEopvPHs6nD,715cae5e-24b6-43c2-8cb3-1db65b53e8ab
T3,aeCxXhaVcA2/FXOb/3g6yKsOxRJENWm9g1LIj6EFUGnSulH8ijkB3tLQHs8Lb62xrgU1UrEsYHQRjsBPEoQqzUKDXt2XeJRD,715cae5e-24b6-43c2-8cb3-1db65b53e8ab
T4,tGGUNAUY2y4rqkQtiDrnpAgvRDVA/wPcg/4DsVzgTfmVRyoLOIbNr1mPJRrC02jw1Ub98rkneRJbZM+RRJxm+5dB4W835HjY,715cae5e-24b6-43c2-8cb3-1db65b53e8ab
T5,mJArhmf2YfJf9iAoF6fOGWf9KqImJ7JzK8583ZwBrUVeNLOFs8Jop+apReCDfoPZ3Xw+ifUN6Vt9W9kh2IN7gDRsRxWuu7Ip,715cae5e-24b6-43c2-8cb3-1db65b53e8ab
T1,ake7NYe2KtXHYIqrQx0Mj/sH/Mncki2SntCi3p9oONYNwLpwukBtqsv7NDEjZrebuBMQFqTUYGkXf3TwLsZlCT8X3bRK2DSs,e9eaec6b-2dad-4895-9b75-c14eca223a64
T2,62tNOH3+rgNGJTZ6xNWoQtaISVlfXGb7Ax7D+6clKrjnak+EZFryyV/Tw9U0+9OfOMbX5JDWPFMMaQZSZtGlyrHhtrCi8a2r,e9eaec6b-2dad-4895-9b75-c14eca223a64
T3,/lU1DwpdM6t5dRnLGGr4S3Q576CEfhybfJl8i82ZA7g9oT9fucdVgFZvd23iF2ooysFKz6xD6h20g72/TZ90d/0CswKWDrn+,e9eaec6b-2dad-4895-9b75-c14eca223a64
T4,eAbVqDiK2usUUTelvuoSMlR1qQK7CS+++3q4ig8BguvBhLWel/VH7XWi2E/NsdjJsmfrkMxO7Xb5EE73KBt3gVswrgGsFQAj,e9eaec6b-2dad-4895-9b75-c14eca223a64
T5,IifLl/HEnzLtOOup9I96lIKtDOFpcLh6LqIrwBTq+2pQNeBT4ovAh6ALajlPuL333wygLwLyRTJ/47oWp5r+EhrRoyVHLNX5,e9eaec6b-2dad-4895-9b75-c14eca223a64
T1,H5xnfr3E0Q/JziU3ocTvoXB5H3qwEcRyLTLOezScKmBM8cr0lB0CWXYqrYEmNcy9059R5FUroQrE3lDHQQprNgqjjbXE7mwI,79cd2d13-4ddf-4111-b015-d5c42e32d8a0
T2,4pdTjh7QD2V1UjtmOdMTk3bzGJJ0TAhRN02EvEo+ebhr4lbMJnanTaLZJf9CZ1mW5L4Hkx6e+wYjEp3xTPJLg+6BR2u61w/2,79cd2d13-4ddf-4111-b015-d5c42e32d8a0
T3,mc+kdeqNSULc+6roxYBaUzxUmPZZvcwtk+YM/PEk4i5RnKhAAZQYGCenT3pcqbs68tl2jrsjdLZcxyaE/WRsQU0up/WPB51v,79cd2d13-4ddf-4111-b015-d5c42e32d8a0
T4,NrvyyUrjub133vUenlXWRfdQ7fwFdv0t1PsK5cMC9O1qCa26bPyf/1QLvagEvHsoe9NfSEtdNeEJfhblII1N2eB56R645D+R,79cd2d13-4ddf-4111-b015-d5c42e32d8a0
T5,UswEcBlbeuWOSRwUjNKFMIF62DO65PO1Dyuf2o1B9jQm7N4hw81ZQgcQ7oNDHw8cNWwecERfbqk0tvHWsG5Uknuf+mh78ab+,79cd2d13-4ddf-4111-b015-d5c42e32d8a0
T1,0uTM4YRp3PIgnjl8l7mEgfgtOaMCa2BOdIJr0T61uLb0r1hGepCzOaBiXr7yXU9O86uWC+l169KTtmTJdDJQqIDXmOc4jdzM,1ba5e138-7ec0-4fc1-a6cd-72951660ba1a
T2,rEVP4hdpE+6EjA+oKVj4HoeGydkOtsp4nze/4Alg1eDcHvXO4JwGsnxsD5JO7KPsNv9CpF7OSL/H7ejk78b4hntIY87AEvs4,1ba5e138-7ec0-4fc1-a6cd-72951660ba1a
T3,4l8M2m1644HHajYxYnMkhfBBbf22V7oWthXmTWRjRV4lWkNWsvLkFjtm16OX4HXke9Guo4dF9ytJSODHwJvxd46oOuH/vifI,1ba5e138-7ec0-4fc1-a6cd-72951660ba1a
T4,7vDVU3mnxDnrGjUmguuu6iVLj74Y5chmDn6BdCsLeaOQRmn1H+Zqa7pZ0+VqfTlYDaFuEj5dCzufqdEyAYorB58nGrNjWrq9,1ba5e138-7ec0-4fc1-a6cd-72951660ba1a
T5,NvjcGY6u9L9OjhTUH63Oq2v+aM0cg6WZJw78yh0dQQfvCWT2JJyBCOowq980k7VWpUF9AtY0YP9M6Yj6pyiANv3lkXM8n2KU,1ba5e138-7ec0-4fc1-a6cd-72951660ba1a
T1,3JxdDyVMqk4H9JgWonHESuq/AzkhgoRTACjNBDquEe0X1DZ/5nqugHDD+EYkoJ65BfPkpiptA6A8Q6wLyclCfKmFKKbqdg12,76cdc648-0a5b-48e2-8f4b-56de5a41ff60
T2,Ii9ketKrr8v488JgE+Ks/T+GU6Wy20KSOP6kX4TRmlOiQXm7LzTmOU6rbuiBXlIlFUFeSCQlr0l/B01FnOs6P53Gj12xNtBS,76cdc648-0a5b-48e2-8f4b-56de5a41ff60
T3,ColZb2OEV8WISKR9YrsXAG4MB7MlrSunFf63WGFZnWe+nJ8yKwIL+G8zwEgVKDyyJyau7QPNpp4hLuAMtaF5Z8Eqdxm4Rdyv,76cdc648-0a5b-48e2-8f4b-56de5a41ff60
T4,zi1sv7NNYoywcu7BYTi27P1KLYAJPw85KKkODgtoltivYWXznPlaBvZvej0yT/Lgx0zzuaf7+MsvoJAB65IKHOuxxLGbHVOh,76cdc648-0a5b-48e2-8f4b-56de5a41ff60
T5,l9snqrAvsTStEHcr2+nGzLOaYCnVcUk1zXVyFlgBq1AVAgAbH2rRVNpuvz9N6cHjto4JUmgM59k/EOqPGYcZF9HlO2mv74sr,76cdc648-0a5b-48e2-8f4b-56de5a41ff60
T1,nJ0FFQ7Jg3hfxO+/iG3nHUB5WHrK/5c/33oaHwmD9MozqZLzZ/Wif2B1O/HdMOf7aF3cBdhSOpV2wTC/QqbJsLAvqGtF7RAD,89e7ef49-b8ad-4ea7-8a8f-c841ce2cc8ce
T2,bDUqdczROnbksmXI1WXe8I2qbH6L4ZDVMJvM9BRNjlgvTVV30YDokWjDyhnXP9/8CKSLo6IWRmvfwJlu4QHasg0UBNxq5ghI,89e7ef49-b8ad-4ea7-8a8f-c841ce2cc8ce
T3,FxzVQleNvjprilQ32YkXzg/XwT/m6NP2SFzxWefY6ClQ2QMu8z3To5YLH5ZDkqfeKUmt/nN5E/H8RPH7xKbnow3TcE7xkzY+,89e7ef49-b8ad-4ea7-8a8f-c841ce2cc8ce
T4,EljEc/TAF+Eljs/4BfBQdj9NdClwc5LO+AQaiFWyylqvrzvRhir3y5ISlRAt+xFGor/SuM/5SM6ZvbfvMQT0JJHZeC/JjL0x,89e7ef49-b8ad-4ea7-8a8f-c841ce2cc8ce
T5,HCAryXontzhr3IG8MxGn4w3UkyDPyVK5FaOHyjPiZeEKU67aG60DGd3rgdwFlH1nqW/ySoMyQSmKcIFmOnxh77krhAnR/rI6,89e7ef49-b8ad-4ea7-8a8f-c841ce2cc8ce
T1,74+DTfU6xKiIc7la++UejTHxRUdZ4ftvsraToYsgkN0QjCyiMsQUq67mp7VyZkn912fowISXPLlzJnEVaTxm2Yjs8oSlh5a/,6c65332d-26e9-463d-acad-17b20ba6e1e4
T2,eK5zWshKz6WojOjoS//oqRLJi51islizbIrXD5f3dDUxeMRkcpXCui6+0o+P9INKnYeqhDuWsiz1xCHTcIVe7DkdUiSljKXG,6c65332d-26e9-463d-acad-17b20ba6e1e4
T3,ZHgiDU18V5Ww39bRUdZBDDM41yK1hfSwmR6Xcj4+KM02FGgjI6MLYmEp+KtYKneLLOessFthDldJ4CEvcG6olEzbFn45okPd,6c65332d-26e9-463d-acad-17b20ba6e1e4
T4,h3ZvIDOBcN02gb9Vf1g3Ii2kHtEsgpQ++IgBN9fFDYOptMz3S3Jj6n21qdjMPdrS7Aiu1Ta7rJYbPLF4oMW3wwfRYoT7kZEi,6c65332d-26e9-463d-acad-17b20ba6e1e4
T5,tgO5DSpJpJLbmIQ+pdgoSqQuF3oCDipmLRK6XLzT7x/JN5SQbeIijT24ixStFPuAUQXpjNRy+DPkshktnj2GDqnfuOg9VQZ3,6c65332d-26e9-463d-acad-17b20ba6e1e4
T1,luNycKf2n3La5ZwqVuNPRGidHE8sH7DrJcFcdOgXF9f3uNcmpbbE8MGGHg3ozMbUjuNzKOws1iWK69dv2JcjJFI9qrxv85V1,42cc4d4c-74e6-40f8-9666-ec51c380c801
T2,2uUbr3cd55dsDreMrb5Ki4WuOw9Jyw+JJXokDhrop8jeBK9Kgdo9WpJFaa7V7UcVLCHt4s9n8kuZctrjySnH0RAAxEi+BZsi,42cc4d4c-74e6-40f8-9666-ec51c380c801
T3,1bGluE8Kw+7BO/LWt7muVVjIff2Fgvy27CezOY1zULa/QeOER7slrRsh96hbXKejrK/RoKLWPR/utfh9NpYWwOfOZP0Yxck7,42cc4d4c-74e6-40f8-9666-ec51c380c801
T4,UR+92vq4E/sSVRWinSzYR0Rvd2ylJnmDWWwBWWcwvL23qnYHh3TIrFFBQ/aeIdrZyJHCsr3lpKmyoCuhRRnaTJIG1xRCwTMu,42cc4d4c-74e6-40f8-9666-ec51c380c801
T5,v8IfAv1MwlNvh6v0hhq9umlUXzXZsVysdCz+mX91aAIhNHt1/BwtsSUw0f5vVIzFf0x67i5uMUYmyWrZ6/qKp44AaNEikh7l,42cc4d4c-74e6-40f8-9666-ec51c380c801
T1,2Gw8bOt/v8MqBrhN88bsi7OmU2IcRNvLV6njopb48bitRpyro7N+1x3L0p8TBIwTJZt5qU/NOXS6Mw7t+j94EpWvJm0AQYrM,e58a2bfa-ed3d-4838-9a94-a3b16c42c543
T2,snIQ9dvrdqP3QMlxXNGxumYgOMDKcxX00mvjHygXVBmaL4/lzBRVuQrFbFdAJgIvb+k4LELW6UexSTLXSbVBbchID51nN6Z1,e58a2bfa-ed3d-4838-9a94-a3b16c42c543
T3,qb1Cf3tr3fEUwn2HZ7r3t0OLoZZH0XkxloqfH4ly9kjOzQ9A5XS/SwyRPBYulRxWt7Olz3GRhk+g2a7+78BzjfoojR69QW5I,e58a2bfa-ed3d-4838-9a94-a3b16c42c543
T4,kr4nYmdkF+nKbvEj0OrQilLA/MXhVFx4a1QbvG7m2avPcD3LlyOZE5X7VdqSHM5sLO7TwotkZvAHz2Kxr+HRuFomNjPQamoF,e58a2bfa-ed3d-4838-9a94-a3b16c42c543
T5,tUuNNM+03ARJ0qeV9EaZTfFDAwWzf8X5LC34QYNTMbFnhI8TL9AH0F+VTImckM9QyE02n47ZA/gYZikegswM2i6g4GpbOWVA,e58a2bfa-ed3d-4838-9a94-a3b16c42c543
T1,HBNZcTZmZFwW8IVRmmbonIq3ia37tmiAveXi5cRmy4W/Hpw1ggksLvkAYuVZIUiuEgYlDBlCspLFHLpuHCpkGwH+fNl5p6pd,78570ba8-fcaa-4d07-bc8c-0508bb490927
T2,r1EuxDAlcCq82TVq179s9DFdv0wZDh9groPG2pZ2RqjGTKt0Q8FdI0m6hY3R4O2Net7WNU8wogoAsod+eU0wk/NBg7Tj5+09,78570ba8-fcaa-4d07-bc8c-0508bb490927
T3,rEm/yBaZItsy8yeQGp120mcJ27mT7gTNATwOIn5xJBlilr3v+fSzF++C5LP77VdMDYREkkSITupMx9H2SPpOxkMDGkuK63Rq,78570ba8-fcaa-4d07-bc8c-0508bb490927
T4,7YQpsZOzetEiRt01LmlFnDxrWGsBb6xvAHFOzf4GGPYwTyiJi2g5l2LgV4bPK6GiTU0txqerA5PFTOLUYcCVn9lVrhskXQ/d,78570ba8-fcaa-4d07-bc8c-0508bb490927
T5,iWGw++8WyHyielmjxqKEXVDCOrQdcGg9wgIr4DyzYfU0hiUtMNP4ettclDZ4O1EFdlVma61I55xyUB96gte8Xl6wkqKJ3saa,78570ba8-fcaa-4d07-bc8c-0508bb490927
T1,ZU/HrSaC96FWx0mQsTSHGlP3NXXto1spyIAST+AACSzLjJBdN4Zt5Cr9gdeX39OzYSScJguuJ48GJd7zeCnpluaYfkkvhzqL,8f7dce96-8836-4487-ae00-40c27f4418c7
T2,R2T8MtZSKXazGS9FC+4taHo11+4GYQwfePjWBTOx2irNedQjlVfoeJfgg+5GQbm7/ARVBVBEaXfZIhYNC4l+jQWjFjYeGL+U,8f7dce96-8836-4487-ae00-40c27f4418c7
T3,BeQzMVgfSQSPhJeu9OHMW6o2LZ0N9Q3NR5uvFt9XS4BL6J9v3aeI4JdEQp2MVx4HnFe1G3qI21pAPd2LtfvNqNzTZNQAkZXl,8f7dce96-8836-4487-ae00-40c27f4418c7
T4,78YxJ1qC2Y0T3yX25QNFMHK3JWqQ3L33aO1k7lwgUgYCtOfgCG8ZLYb48qDz/NOmmTJu5mFrk5vNMUv+3RUSfi6OGxeRAl9P,8f7dce96-8836-4487-ae00-40c27f4418c7
T5,sGxrjte7bMh7xjSWqcY19amtboUAnWmZV/HTKFCV10WNdzUHIV0q1n57A66USfHBp2tuTy/wfk1VYTgtKFFOcyrKiOqk7JNt,8f7dce96-8836-4487-ae00-40c27f4418c7
T1,h/pkajv66hgsN3XifpaBEDTER8XVBbczh9ev1pzYe9fULnp2FauuJutLfcN329kabeh4VjRtikAHEmkuTTYu6ZrUiGe3lIyb,df982286-e95e-4feb-b4b6-e9e363d6f5c6
T2,YFsJCckdRJbn9Jgns+fNh7UxJ3+XbK08PmTC/AA84lFqI64QoR25OiFMM11g3ShsRtIqNWYqF5HO2FZhX0G0DGKkBk4g1jtj,df982286-e95e-4feb-b4b6-e9e363d6f5c6
T3,kLGuC86pF8a7lHOVTcntWkQoAcQRP2SckshoHWJIccg7jH2HUyRrRd+hTqiZ7upd3uPdmPPFdA5Y+Gq0K0GHDOau95Q729iN,df982286-e95e-4feb-b4b6-e9e363d6f5c6
T4,MopphC20EsCK4CUWC2qmlovhPFIWjPIKWgeto+XpR8JJ1gFoHfHw8LiZDKIGG+o+K2xvSoAxJS87KxGYnE44yB7XmwqrfNY3,df982286-e95e-4feb-b4b6-e9e363d6f5c6
T5,/u/DoWbnxtPCZn6dWK3u5P6VJCbZZkMz3O+ZTL1ox1HeLgRPATw4s9xioqtT5dgN0BEK2Kuia6wRnbxYJl2xyxbzeodyVYdD,df982286-e95e-4feb-b4b6-e9e363d6f5c6
T1,hp5OGcTwHL4qphkxClUS0dV3ZuU+nfRZ0yhYlRzIam2cuX0nZKHa+KYoOfkwWSr124yYMQHkZL1/tI8bM/8IaQbwNkcQEOb7,968e29de-3dd9-4028-b9f8-e6720497e95a
T2,spwumreR7V+//hAXLzk/0X6ChOhSlsVjXb8Hxu0rluOIZkjKM7zZDLQZDMiU2m/3U2WlzLTh6++CmyRPUjIczvj/42FuYp5t,968e29de-3dd9-4028-b9f8-e6720497e95a
T3,qTTq1WJq3VE22Qu9cmoQVxP+dlYabfXWSw0Nz+hXkEgltbm/ote8R5hR9uj2UJS7rC4xl+KwP2UQcrqW2CV9DbNpC4fk2xnQ,968e29de-3dd9-4028-b9f8-e6720497e95a
T4,us8cFSQt94OaoBWdzY0VokeF0q5RdVDxDhBL8fOrxtrMbLnY2gBIxkhYh+Flc09nK/nlCZisq66NwDdldxJ3vquOeDuMAIFY,968e29de-3dd9-4028-b9f8-e6720497e95a
T5,OOdAg5IivAlkE7WgsCBmHIyG0oEVVoENOQ5p+ogHS+LpBHQDXPDiK+Ho72WGeRbq3bJJs35DniCKbbhXhQwTc7VxtTeWszP3,968e29de-3dd9-4028-b9f8-e6720497e95a
T1,wLWPN77yNmM49Hi4Bw75xNcqcHO6kRadXLAp7cHMgDWFF9+FNuOnICE/AbFz3vXEcTryGYiuu45zmg45wiDke0/n4xoHisgt,d265b4d6-6d4f-4a47-9bcc-2cc035a83e97
T2,hL8PNXE9a+DSxf9DUlBuduILLjAni0oQqtjSzm0mhECDO+LwkUMFYTS3PysS4BpOTVhmkNAxJhfjn+CjVy1KhlfQZ48w2zUO,d265b4d6-6d4f-4a47-9bcc-2cc035a83e97
T3,PtbRTmw33G7f+D4KKU/vR1yqVQDPIFTkVkujZjGpHqIkxSJnjynDUAbzYXY6r53LlU+X3Ri8qD8969bf5Lmdu0WPcSuwx60V,d265b4d6-6d4f-4a47-9bcc-2cc035a83e97
T4,rrBJa7wi6AT/4u99XzFqFV3MITI5EFsmuR1/KfnQZO1AK+joRc6NK14WiBvwbsVCEAzsHTNSlXLNK2LG2fzzKrQ823DUu13l,d265b4d6-6d4f-4a47-9bcc-2cc035a83e97
T5,aD2GurmgaaLuqis0q/5q7aI7yg9LHoCo0tqnis5IWcP+TSxiqDLyAL2GkEaPkwcDnGuCEZiRv31aGCUaG1tOxV/vFElhdY6O,d265b4d6-6d4f-4a47-9bcc-2cc035a83e97
T1,ZgrcbAdVzPn5JCcG2d6mkXl9OeuAc3DX68mq7iHc7VcaZz/saap5PQD5k4pBX3+SHFT6mTcwHUwfqF8AHBT51HzFUVGzs8y6,d632f564-d6b7-4368-9e3c-711b5d141833
T2,9fap7cRU79O3zM109hR29Ox6gzXXu4x5FJ2MLLi2S7IltThPC6Cuxt4IphP9neVDy5JGD/vDyNe1PfkxZaROBMQz3sdif6nF,d632f564-d6b7-4368-9e3c-711b5d141833
T3,XR3+IJTqb+iEnGfqJxH7ODYVDTZS3vwWficm26Ng5g05OCtSQSomJgjGm8to+l5BUKOHC1o/3k/5T1kYVU+SOcVCyBlUBj/F,d632f564-d6b7-4368-9e3c-711b5d141833
T4,j9CQGNGsz9lciDPvsipWwv9fn945XDId4SQ8QVzIb24maHjz0ik3tXBCio4Nc3Wr5RRIKLCFlA11bUiRzWRco2bdaoY2T9Bu,d632f564-d6b7-4368-9e3c-711b5d141833
T5,Si8uzaKgm9M5RVu1qfnq4lyMt+vhO8muwjP4SKHfZ+Ogp8ho7lNWbpqp60mv/Ty9K9kGpuD0H1Law40Ql32iJ5HeBIdNxJag,d632f564-d6b7-4368-9e3c-711b5d141833
T1,DiEEp9XsqeV+FT5IIdns15K67swuSgX8CxocQsR+CEMUHLcs27gO8nhDq59Mfx0/nenlhD5jL/tcs+3BTnsiH9YfHn1QkRSI,012a4110-54f5-4273-b47b-adfc08f5dc1e
T2,s9tDtpgEHtcBg9gu7eI+iKfOYPseXCM7Tw5Mt+RnqU8WJJr0hXn7tX8GbmnRK66j0t+aXH2yjarn8ME+kCJ8xbtkmnu26a0o,012a4110-54f5-4273-b47b-adfc08f5dc1e
T3,EQxKo7MgikuS/mbPscopoUNKogSePXMcuQQgZCn3N7ZsWKYr7hvMheA3xJd52zskzPdSnhiehzpSE96BYWeqk9xPdcBDU+N/,012a4110-54f5-4273-b47b-adfc08f5dc1e
T4,RZT0lB+JR5HHO+T3CPeYdxF9m0sUWsoQ0R/U1HyZ1BfhKtI7T1Mce1nAwMo1xSTm9WSIhodqU3BDynWXAbfIgGEs3SHk4Rc7,012a4110-54f5-4273-b47b-adfc08f5dc1e
T5,AjUOneiPkOUzFjJg5/Bi+Lp3ijCfPoOisWOfurbmC9PiZA78IA+Cp2H/3ShyFuV0Og46bwyAKEGGhNE1kBEyG/UgvdHZa9rg,012a4110-54f5-4273-b47b-adfc08f5dc1e
T1,pSM4hwKMql6jsIixNDApp58yphtDutZj36fs1AzBzOhg7rFUnZXB79oTfQ3UkusSALWHCCRAmvai4DVHWWDPKVFmrh4L7slM,29f4bc9f-e884-4218-8433-adbba0cd0e2c
T2,cidNybWVzl1QJ4egbGsaZGQEml33dkLguwzOsRSs3M7QTyQwCCjf5CcfX/82Tlo0309M8nYl8E4ppm1TdOeUOD9SPXBc1a8g,29f4bc9f-e884-4218-8433-adbba0cd0e2c
T3,Ww7bEorDpBsTe/bZjnbmsD9qtoRN4Vm4FwFxfdfKaSY61hiAw42ozReflqo1m2yDtOWPAYaNPZ8qELyJr8NSLwK9NZolnpbm,29f4bc9f-e884-4218-8433-adbba0cd0e2c
T4,2b0Tf1nKmVFoiVu+/tqfBPLbKX5V5I2g1EnJyBtRj0IV2+aU0LzwIlHtSKuFst6MSAwIiurMr/3Y5sOoELTUwWGRPkLS7iZY,29f4bc9f-e884-4218-8433-adbba0cd0e2c
T5,4OQeU679vj3zFkgEswg82Io6JhtSntN/qcY7qU/BGo/M59C2rQdjeuOI+9Z6Q453CnO7zoC81jk58CQfHC2jnp+Mwvq/Ff7H,29f4bc9f-e884-4218-8433-adbba0cd0e2c
T1,jJM0j3yJhL5tTcriusXll+hAT8dR88oeaMZjjUmSyvpmUJ0Vbtjlz88Ztji9s2w/1DS8daFXZzbAUwh0YLsYrAbh+3x5jysd,e71d83e6-fe44-4a42-8a95-2d55c63abd84
T2,Pbak614YPrmqMQOTc5G9tJMgnhKAJYPsEAHnnsscKBaC0iEjmauJQcg4z+l5cajMdom9L60fn0nm+EdYT6rQzVHnrP/qNVJ7,e71d83e6-fe44-4a42-8a95-2d55c63abd84
T3,lgeMoqOqQRbe5uDs34oO7KNY358QLVJgfhOy0Suko6zRSQSpAydACXdP6eCrw0HeMqp0EHyrED3HntEpUZ1wzkLrhZlO+I+b,e71d83e6-fe44-4a42-8a95-2d55c63abd84
T4,0CHdXhkdQhzXi9GEpRgtwoVeu4UXrfUGIbpAIYUola/Io6523QH8jMv07aLR+sVWK9HtmF/g05O0DW4uUYXpYjGprjmjf+1z,e71d83e6-fe44-4a42-8a95-2d55c63abd84
T5,2zsv4P9y76HtWqE5YV3sC3Un37qksd3ieRGKrVAcnx9I3hJDaMVCo/a5e+WwhFlTG7iau0rrV2IWtKvDi/JoEC2w4nJV6PNc,e71d83e6-fe44-4a42-8a95-2d55c63abd84
T1,PbBdiYAC49quZJZiiL8rwEONO809ZJQKrC0Ww/8YXDTv0w2tA6fC/SXLx7QyxFz7aPA5NA1Cv7fLuwL7hEWjAan8LcHhX9a4,7f4c4761-a489-4efa-b640-7ca41c2c33a2
T2,mnzAaxJaoJ2iHu+qwdBgI87RNBbgPZMOqdMpM0sFwYY7RhncbdpXXMlOzue2+VHGhSoaAMXpM42Cek9SdY+j6Xl3CEBm9mlG,7f4c4761-a489-4efa-b640-7ca41c2c33a2
T3,/4fHYHY3skPpIyGrB2rqA1+pfB0TrwiCsfO0vPuzjYcXTNK34hLDpIjrdai8UoKvjexwypBTBZul8yFZ9g2cUUc+1K0SLjgc,7f4c4761-a489-4efa-b640-7ca41c2c33a2
T4,rlCGfuqvPJHTbZgYN21uE2txSgykQE7LTxJZHuAO+V0KcWUodZllqD1mpkZIqGmndouasgU4tqVJoYoSms9JpWkrBecyPc2V,7f4c4761-a489-4efa-b640-7ca41c2c33a2
T5,mmxCDPY2LXHsNygFIEyXfqXdh3k+yAzMCcD86w7xJHcDqWjedXmHLroSHKvFuONlpuQJ1NkxbQDkaZ24juPF6lBd3pjhJBOt,7f4c4761-a489-4efa-b640-7ca41c2c33a2
T1,tNRP0080R8rAbka4oYzWttdt4PGZ8ro/hKToXOuAkLolhpATIOl0Rp8vkwMvCooiW/wgf4xkOuPJtIi2YD3QOaZ5/YsTposO,46c06adb-85bb-4cdb-a3d6-ad4472a4b426
T2,SktKtvBGnA0to5e0/hvMIJKbFLVSvfW0pMqDcBHZqzkyPlWLR+BtK3wTxDrfIWGeS5B1bHdlTxdo/kXos9TMA5E4JD9CLiFy,46c06adb-85bb-4cdb-a3d6-ad4472a4b426
T3,Xom9VMLvW6Cou0uiICbg48Ehq65dC7S7OxzmmN8toTjSnrWWXuN1SMHAUa5/ZAUixRyrE0hdaw/8Pp9m6r3cEKCELmrTn8ZI,46c06adb-85bb-4cdb-a3d6-ad4472a4b426
T4,26LAESVD7o2ENJ01pa9frnwHVFgnynWco4o0FOXlzLhpZGO7oW99dchsjCTFo47l3j8NyUxxBKVCOeCgAeip6wVk5Lq2wbNX,46c06adb-85bb-4cdb-a3d6-ad4472a4b426
T5,mOnrU+IUmLNyhz7Rk99elR0D46AjHTipH/G1JqC4ZjW9UJJpTcNLAGrbL29LJNnmzGofcc1uTQ9D0zBvAp+AloHPeFjK56Cz,46c06adb-85bb-4cdb-a3d6-ad4472a4b426
T1,NCkNVq1cyXAMF025ZdfnIxXwyIJMsFiP5Lcyk2uZ9LTbXjHkSurt5Z3ikQ1nr9Go8/8OIzHTFE5R2VQMKbVmn2FeHOECADYU,f022f129-a856-40a8-92ae-04f9e7113f94
T2,LOwy4FMvdXpW0xuENhmqmrj7K/suwM4jGluwZFgLYq4wdcZ0K9jkqnnTW9NOhXsDvHFz44UBo+UWRWJjmqrYatzCOfi38Dac,f022f129-a856-40a8-92ae-04f9e7113f94
T3,2FSzNbHBB/T0Fj3XEqwQk7u5Qbn2chNgecSbqWp7xvluXJXVxzI0Zbv+ObBO4cuc0Wq18heyBRShdU+U1i+Lg5gUKzVnEjKg,f022f129-a856-40a8-92ae-04f9e7113f94
T4,u4vCIvys2Dqr9DOeB1qdxHQa9XRhlmRRKvXHFhg/W9/7qwlYNJr1VH5b0M4T99JEjqzthBlmdqfgNBt6m2jWywzzAlC+ZnZH,f022f129-a856-40a8-92ae-04f9e7113f94
T5,1Bht0WVDxFYg56b+BeD0qTdvUgDiq+S+o2KnyqV3fwDQthSEOv5NuBzglaEi4HEvEqps4voshdmHyW595IjWMTkahv8ouqa0,f022f129-a856-40a8-92ae-04f9e7113f94
T1,XIMZSav56qX6rKInYGzgnK9yYzajFy5QWWYm+OYQMMbKAGSjksYEsDL5/MyGAWkwwjZA8DH6RPk9DRo/Owto/wm+MtOp4Izo,b886af84-1be3-4fc1-9816-30d905c0e018
T2,XIC8D3oKH7LBRZUoGZV7a0K5wZW/h5eDfznI1si4Am6l7kjttAGVZ8Mt5yRBvqaJS8dTDqe88AQkCG4yyRb4xdqoYsOZkC5w,b886af84-1be3-4fc1-9816-30d905c0e018
T3,77FVPvIOUnEvvQ+opHBGJNQKF1m2XYaabFcRy3+GzBMZVwj4I0TauhnUIfd6mgmd2PKbp56ORZuppKZF4qK8H/is3dJrVu1J,b886af84-1be3-4fc1-9816-30d905c0e018
T4,GpmARMrdx/YS4f9Nf3YTjb2YloHpixmjra82KoUuk3RX/cCVrR9LBnQLd/I7ZkuhJ+yxodLlpfmvHnX+dx5INMGGNIrCL4Te,b886af84-1be3-4fc1-9816-30d905c0e018
T5,9KBQRCTZBK/gil6346cN3qqYVIwJXQ//idYwy9+FiQ2MajAZblH97vlpqWpAbvLmGJyqUdYsqyqcRtfSypfHZRNh5TPf7V5d,b886af84-1be3-4fc1-9816-30d905c0e018
T1,Jz9VeyO/Mupje0oIjsv3pzfTdJ1vabYkZWYTln3NSD+kiez36FMhWw9CH0iZ6rZkccgndYKOc0wQP+G7bMlDtxytONNK1dd4,a4847864-d0e8-41b8-8177-52e080d163d9
T2,CcO9egBWSaMlMfxxMCiprvvfs3q8dW3rJ6o9EcoXOKQWaT52qV+1o3tkhLOba5I46Y+ITkNqURWiNL9fq3/uE9uikUj5sdqq,a4847864-d0e8-41b8-8177-52e080d163d9
T3,rcp7MqkJhIhA7YY7d1BdQljEqRhIHMQ1dCQt3Nzh7YwnLRt41DnVC1rb0xsCrpsO/gZJKAeaEMOllCRjspG2i9v93xYZPAHg,a4847864-d0e8-41b8-8177-52e080d163d9
T4,WLrpfD9dG8di9Vc02nMIpgNw2GxDG+rF/1m0iTTIz99BtnZaXmNYX4HpS4rd8w1QmooLoveexK+YKcBOUJM5BGau80LjDH1K,a4847864-d0e8-41b8-8177-52e080d163d9
T5,GbDB0qs7ezf7jsZ/IgYeug9zdcQ/lWRDNfxcIKwEeRhS96MPIZG67VmpvA103MG+GSj2+UgViN9cbKET1IjrHcz8d+on9Bpe,a4847864-d0e8-41b8-8177-52e080d163d9
T1,UP3l6Or+BgW0+Yw79z5qPtIUjMJS9fShw8+UoY0swb2VbAqif1FLeY1TnWGL5M6SAE4D8mM2A+riY3TqcJ0S3v72gYxluO5p,8975f395-3045-44cc-ae19-b5131312073c
T2,V+7SqgGrAItiWqioslwpbv6nm1vBPTy2AMBg+Ryzc4pJ8RFPpmiPA+kgk36Pqc5Yu57bwd9Zbzw8jEnYNKTCI59ckI3Lcu5g,8975f395-3045-44cc-ae19-b5131312073c
T3,x22nConE5d/yhrT8jygfxX94mx+Z9htDWUFtXQwx1JjEeE3v8e6roZFJ5v72YnkobYROBi33RauBATOjKKdqdue1JJ9B6XDu,8975f395-3045-44cc-ae19-b5131312073c
T4,Py05BpK3Wpl2sz0eyX86dz/vkC9tRBjVODcjJv1tzvQFdu32clfBhjVtjolABdtCXbzCfbaa1kh8o/W7GaWTUIywFQn57Q/r,8975f395-3045-44cc-ae19-b5131312073c
T5,LiqYKUvggtz0XbBlVYFfsTdA6R6V9HN3XKUnFV5bhkfiwPxyCb77+3QG763UzEgRcj/W4EwS8Lu2ntqDSdga6324qe+mrLY5,8975f395-3045-44cc-ae19-b5131312073c
T1,jZEdqNGVLaV60A8pHkSoIICdUC26FLaWEXifIrA0nlEENUzmqe2o7MeCJ9fCjCkNKURgCkTZMaSf3qeBzisLRuDJX8J14pFp,aa1797c4-c7b9-42ae-b87f-438d2d6fcca9
T2,nVoxxO83qXlTH4R+0v4AyYG1coorl9wdTRK+YaaLUJ4JZPJnPIXS/laS5Yt1LaHdcyNRB4uoU2nCptudMfdNm8G6cL//sOdw,aa1797c4-c7b9-42ae-b87f-438d2d6fcca9
T3,Dszs0UT8XzIquJX8N2IRvc/dzv2vmUsz5JsHxb9307mm18MMiiSYEHBuvkU1JEfOIGeOMWPn895+aO+Hp5mCLI8CJdsCUuMi,aa1797c4-c7b9-42ae-b87f-438d2d6fcca9
T4,iOT6DpcQDzkG+/rQ78+lXESjEcU6GRg0mKVSwJ87uIpJlCAMcuwX/bzletq+cxBJtr94bwLFU7ISV3YnUKx8LCYQL7kXFtKO,aa1797c4-c7b9-42ae-b87f-438d2d6fcca9
T5,Rd3qOm9+HY6P7j3F9f1ICo1/rzN0jagSATbxvI399B+XX4d0z+kZi4+Iiagki4PZsF8OE/qP2xGU2SJTC8oguxS9a83lOrvw,aa1797c4-c7b9-42ae-b87f-438d2d6fcca9
T1,deEcsEETmqXssnNnEGecpJGCi5tr9sab8OPRggDhWQQST9/vo7wE7g8QyfoHnEkg0K+NqTLoDCxQPDrse4+VYDHDjkvaMANI,d2144e91-7f6e-4993-bcc3-ffd1260b1a88
T2,gcP9yEI2Q1yzM4H3IguLg5A91BGUewz4zMxeqOUiGIph99pX+PkeothVja01eXpFPyPFjW6J/47uLWelwK5AV0D4hEb4eHly,d2144e91-7f6e-4993-bcc3-ffd1260b1a88
T3,/WhQ1tUlmdNogZPG6AowHBAQ8ObYIbcZAfFh7hAfFiTWMGVGEjIlY84M/SIkZiqT3Y35f0Nk2gDsgPG2cl9cuDqzThTOuqMr,d2144e91-7f6e-4993-bcc3-ffd1260b1a88
T4,rkXUv4f85o5uD7SlsZRJ5WYliy3UKGrZEWM8uUe75nBghawVMDamdfJbzmqLxdVfw80geCQOeADvc9vaDPbgfZ2Pwrctg/0N,d2144e91-7f6e-4993-bcc3-ffd1260b1a88
T5,Clxu0eFFKVC2oD8qxxV21tNeXHzCy3xwmNe0LTVSmstUUzv2SEZ5Xe0q38j0BhQC7meXt5m/uMmj5iyTpqCHvvLvJXhG+fKr,d2144e91-7f6e-4993-bcc3-ffd1260b1a88
T1,B1Dil20sM81sJTgcIFt4RKku94TbW2N5qMhH658nWxPhT7deRDSRjLJz1gk2cEELsOxYRIVEnjpe3rDkjDn7d101i7aobbHr,636ae3d7-738f-4e1d-9bfb-47597f57a381
T2,3fB+wM/m+QCx9R7RbmfbEGlXrPu7tVGgXu3UjTSqvyibA2RjDJJQCOMyk+1IiMQ+7lemgG26MWt7VyTuu7ZRCKQgHBL4CWyx,636ae3d7-738f-4e1d-9bfb-47597f57a381
T3,cXRYxh5/jqR2itxzmrZ68OndB97us7jEwYzlFaDDT5OGP+708pjEXORX+XSMj4w+//8wNCDlsAiFfnZBQd6J9/vNRD8itm4E,636ae3d7-738f-4e1d-9bfb-47597f57a381
T4,Y1yUigT9XzvWMCeC4reRXlj7ckUUHNg1gGaWpe+j8xK8C4nhuZjKd6Z/wbvNRzzdRv3AoZw9eJ2eNexHFydYyRu+4YyF9VgN,636ae3d7-738f-4e1d-9bfb-47597f57a381
T5,yaj6xEgWCIjIkjZ1/uyXYYnCX5KjGI1MIiQM4Ib0LmyKd9c0ReQDAGG7b5ctf0t5d756zf1Ep3kUt5Ifr7Y62hqkp0y1mnmO,636ae3d7-738f-4e1d-9bfb-47597f57a381
T1,JSg2W38R+lSxnu1n4t1O5Xwa2lKElRl1z1jZKnCzDIgKQBaJrLS5hDLezi5Eiw37KxuKLD/SeQrdZm2em2F5h0DptpwYSe4h,395c6fce-7082-42df-869c-45a06a9eb0d8
T2,Jkk9jQnbHxF2w9NcemqL31efIV5G89Tq+tuwqSK6QowgKL3PQ+UOyb94/7B5YswpKNB2AKVT1B/p6PrKluqLv4EaI6cXuRIh,395c6fce-7082-42df-869c-45a06a9eb0d8
T3,cT2o1rNdImzra6xUkadguy3NtSNwodFcrHnrmv2+5ecqv+2Qa45Y6b96kzck1HnsbEoopa/bMEd5xvs+KBpLnsSOSidq0erv,395c6fce-7082-42df-869c-45a06a9eb0d8
T4,y7R4NyaRAwnUjTUJN1gkdnSqxrk7rqy6e9bX3cWZQGX8cGu1HtDF9hH2iMfgqHsojeZKDTfymS/cqzcneBIS9iKM7Qt/0oAj,395c6fce-7082-42df-869c-45a06a9eb0d8
T5,719AttHRTNp+zjGCp82EX08l4EO8/zC407QzNbAgBnlNrY2x6fsopgq2VeM/ZMAMLYV/qmJxVUI4P8hDlqHY1fxfpsqo+est,395c6fce-7082-42df-869c-45a06a9eb0d8
T1,CyvK7jiLIZexPh/mWtS9uvaO7BlbtZ0Iav7fcSbDz1bmKD6IF3FC1ayV+JLQMMR1ReOehogz1F+du5hWnZ+Dd74Lm0qwit2d,ca854d43-071a-4651-b556-9c1cd21d92a1
T2,FerrHXQ0BWuOct6ta5F4tLhhvqIOWGn6Rbwk0QVfF6nukMfI9AOFWQze9fllTAECv9HnwUHWqC28F7JlG0F4YHjo7mvbXWvA,ca854d43-071a-4651-b556-9c1cd21d92a1
T3,rJdBSZ3QQfa37d++FD93hHsdJ8blaZmuaMLIIYnkAy5Y+ZP95GoE0bTFWh3s+LzX3fUc3ERrK2wP16uNvoxgxE0S5V9I6LG0,ca854d43-071a-4651-b556-9c1cd21d92a1
T4,XHpo4t6nzVVtbfev4bfcg45n9CBlxLyYE7aDXUGMUEhZi14XI7EEBKRsr8AlsOdlIpb+xyFMVlx7N1sfKHo4+JIg8bx8lCLE,ca854d43-071a-4651-b556-9c1cd21d92a1
T5,FI3M76kd4QRxdibcDZWzYkQyeGuGEry59jR8X6P+QgrAEyssCSXuGRiZkYIlasHRF9D7PZnHKecRUmUlVyNdFcFhBtLMlD4c,ca854d43-071a-4651-b556-9c1cd21d92a1
T1,ya5Qm/hXq6Co7Ykp2SUewXC/Xau7XR2YHt55R0pKUC+pnKAUDo9IjwDtMzIjTXdEnjP6yzcxj9kZV+HOoiLXUy9WX6aiXaXH,7c34b225-2f2b-4de7-bb5e-f9874a723ea7
T2,npqsLA9hztf35R8A8rRcm0IH0YYpATJaKLPTPOcSVFPCH532kFczlbpKfgwjT1fPZpPRka+yYmPbFwxtHzRtHadR/R2JHfZ+,7c34b225-2f2b-4de7-bb5e-f9874a723ea7
T3,sKKinONouZ/clh74jIJdDoo3VVE7kb+WCiOYOYgCq1rPD+vWrgY0ifzji4SNlpVEzk8J5tsZBWJfus3Anjx1upUf+d2G/kr7,7c34b225-2f2b-4de7-bb5e-f9874a723ea7
T4,RJ9Pai5UsuLSDRLnEzNi7jMH9JMYgPhCxDAMmjHUc9LNYHBjQ4LAGh/lBBXIHTxZf7c7tSfhCxx/6HoUQUqVLN0fRhu9l1CB,7c34b225-2f2b-4de7-bb5e-f9874a723ea7
T5,zFxqv95cgrFS3tVSSwyWbYXRDEG8FG3swBUuxuZ7sud3ixRKc8TBUvXz5lqJaZVKqi1srdf+BALDQxIHjjKnVFPny6eJmT0W,7c34b225-2f2b-4de7-bb5e-f9874a723ea7
T1,uJmgcqrBp1lQRU1JecZ5TThCya8pPwcjjV64cKDgQsXE0ZEBoGTYrS6KUEqLc9A6Y+TNrWyuVnvqhSupHK3VvIKl54Wwfop/,25e5b193-0910-47bf-9d72-93182d1125bf
T2,6TRR0hBgwf8yDpv0rhSB7LjEl/NfYGEssOZ9+ybBty0Ng/baGqhY/EZ3h1ayjfltSHRVMVyfeDDs0ZKV4TNtwZOtis6syEGB,25e5b193-0910-47bf-9d72-93182d1125bf
T3,AK60i5vQ3D7WtGDe3zfRBDZxNOn9vmdYRJguWET8EuTaeUPsciJ73GEcoZ9Lqc6qrfC9m7Bv8YQbuSxvfKQ6totH0VoYKAMS,25e5b193-0910-47bf-9d72-93182d1125bf
T4,DV04AziVJr66pbMDEDw3y+FdqOQxhvcHauFDj3oNcbU6IizRfE2W1ZuEGoxfAUcbJmxwICrvlAz3agURWNoThtB/Z3bgQbzt,25e5b193-0910-47bf-9d72-93182d1125bf
T5,bJ9feO5U3Ma7J5vlAqeCfwal4zhqZrrQMR8Ov6yKCliZR2hmw1MWd2FqkSYdNyOfjVwj5LKt7Z7ooZvltG0SCU5S+9GG/B37,25e5b193-0910-47bf-9d72-93182d1125bf
T1,GVa8rPSgtbchb3vKG41QqFGdS/N+561sqp8OSNejhSUW9ilh1nI8yGvU++IhsTGhvrmi3wAJ711iIVIi+Kh0yw0IO6Hfkfp5,01603dfe-be76-4c47-95dc-652220364c56
T2,jUotJH/7L8LlE9jbSmmNOF1fAfqIdkHHYxwC4ycneez6Bq4x8QDNmXv3yBBaPtmLynKoxJo5ipZK1Vt29X6irlu8tW14utts,01603dfe-be76-4c47-95dc-652220364c56
T3,rqtpUnHuawj7zgBOjRVrZz/f+vkKh5jbFUtgLbo8RvjwlQFQZsBWEGMTS+Nv9lOC7u9nIgLmP0AnfhX8Zhf6L66qv8AKRucV,01603dfe-be76-4c47-95dc-652220364c56
T4,WiesgMPEY0ucEimqBW//hNiGHLfsJQj4cSCu1AU4MKWhZe9ySyRzM+eGJ+mmbDnq+oDrJOC9rB90yrdTP0rrBopzR6c+ywii,01603dfe-be76-4c47-95dc-652220364c56
T5,b9TcXJkXvcDpFPYPvfysuBOO30u/EybCNetDRqubTxDdgLRnjBUv6PnooGh8Krov79M7zCz/UkdwrDE70DP2EqZKfn/s6oMa,01603dfe-be76-4c47-95dc-652220364c56
T1,KYImeTERhqk6U1c+ylcNXTrDgmOE6HTZXJvB3kF7PLgKbz/4ettY+X+JcCzpui/u40dMiIunLQYnlUWAGrw6kxUg56J6z7ie,b32ff662-ea46-49dd-abcc-e37eec90ca7a
T2,nfZGrhIGzc427f3MTcalMNDAuaQ2ujRG6V/8Ep3hyZ+XV99cgCY4LlVJzW5CF3pYvMjVFh1lnOBGeqPnmnknYPhYe2EDY330,b32ff662-ea46-49dd-abcc-e37eec90ca7a
T3,1e8/TeGqo42s88BURnlXLdimVjTwKWuQ/cQ8pRFAbwgKeBsFagRLCicns1MPlze47VgVnYLbCmgHxd2apz2Lmj/F0qcJ1+d5,b32ff662-ea46-49dd-abcc-e37eec90ca7a
T4,Q4KUft2CM021q6wB3CadL5OgQHZln7FYue8A+XA79Lrg0o+exdw4OGdG3fG+nvOYP3r7aWHcZ9lbTmyv+Bj1xnPHU7cF389P,b32ff662-ea46-49dd-abcc-e37eec90ca7a
T5,XrPb/hSXTml5I3vNuqLnqIsRxlOj3g8lKIxr8H4D2+Cg/QuUeYD3tISUSW8/PxCGJnxO5LkB8p+55dDet6u8gZLHg9DwbPbm,b32ff662-ea46-49dd-abcc-e37eec90ca7a
T1,yrS34yAMaug6IwWYypp2mPW3+awUOW+l1wVQ6kjbtvxp3q+2MKHqxQQ0d1RHA7XuZpIhoJLh5Y1zkmmtVgUhzSrnSHZUyNpb,965f222e-1c4b-475e-bb47-1b6e3a0e2d17
T2,6yIHuWN1HRGNxOEApa4UetkH+7dZPR8LM7p3YoDYThFmaFbW+FR+vkn9kuD7RAta5dOaTP5dthnXxQatMSmYZisDloopoiHs,965f222e-1c4b-475e-bb47-1b6e3a0e2d17
T3,kqO1fGtt8s6wF6s5QDqgiL6B4qg/jKj8I0Djq7S2hGGyo8LxUMAH11SWg/VJcjzmiWsZ8tPVVXix7EmtwYM+fZaiI6C3YZ0P,965f222e-1c4b-475e-bb47-1b6e3a0e2d17
T4,AEURqnl7a7+V/JDqJxuGhP24e3GZVjWQG+C+KxpH0EMf7rWKb+9jLr9+VuNkQu0CfhzLTelOXHXu8gbU81ug4BoeGc3KmTNe,965f222e-1c4b-475e-bb47-1b6e3a0e2d17
T5,xx0vfIZubct5T7B4owlAFLMkzAifE0yskJkS53LQMRx7nI5QN2zO0UJVyoQ3um9kKGxHYeQW9tJ7K9J3PB3X2pp56jb6Yw7P,965f222e-1c4b-475e-bb47-1b6e3a0e2d17
T1,QXxsbd/JqcEc95GpZs2S6RA5Mbgwcscgiie+GivzkDXczt2ynd8buCSnMCRS4iUXsklMhlP5dfEaBka/dJ+uZfhoQpS/UjC3,eb2b1843-2a28-4d50-882e-087248a63726
T2,b0F6ANbCHSNpXiz0W5UDwV8scmEivtLZGIburcLlMmMzar5mun+R6t09Sqy5p+itY4qoQ4cRmsO6ddxWhq2joNuof3H6LazO,eb2b1843-2a28-4d50-882e-087248a63726
T3,EuT60jVh8rGrfqjjGCz3d3R2jRCzpco4PYMr8VMys8uIWZP+GDeViH6RXOurk1U8FyCIoLBU6fJdLKrIQrMuThIVqcMiCnXX,eb2b1843-2a28-4d50-882e-087248a63726
T4,vx7aieSnG9dTOwGZgbjNPdE8wNdEn84XJP+rpZe5YusFqteoDNAyZYm8AbwkgOJjydOEp/u9Z9S20WozEKqAtglxB2GmuXVl,eb2b1843-2a28-4d50-882e-087248a63726
T5,T/xq/EC+lLRe0e8hKHZxNaP0V+O7+sJyyB6rKhf9DOgaGMZ7nnfNzH+MuSgRQ5kcwjhIsheVjKyydEXy+9vBfiKbI5MUTjd6,eb2b1843-2a28-4d50-882e-087248a63726
T1,Ac5ywOL9wLn25MU4+38UrLiMqDl/AtZHcGzP5aRbD2Z9L9U6TAT16D7IoAkmM6aH7ig62JaqsUFIjH8A1m9tSA9FzlRNFDVE,2a526cdc-f057-42d5-b747-eed20db02e71
T2,GoiPAT7fJvij20z/kTIGmQHHS7CYmjJHz8R/2t1iFKyHObYRdG6YKFob5tLTmNyu7lzg5WwkE78+agwGSBIuVI2aLftvuoWd,2a526cdc-f057-42d5-b747-eed20db02e71
T3,4G82F0rxC5PW0715xU9T2re00WZR5JAuEOR/e6t80CNjOSKX4fA/qAgJ/w0G2Kqlpi2IGSVEV+CR2Pgx04w1xF4kZbjeaRHw,2a526cdc-f057-42d5-b747-eed20db02e71
T4,4MNvqxVLjde2DWkjMUYK9eQivF83zK9aBCAuIIiP0mfeKj+yu8IqTcl7wUKgPo1My5khS74zqXeGPhIwe02ifE4l65nVn7IH,2a526cdc-f057-42d5-b747-eed20db02e71
T5,JJoQuOwwe8DeSEY31GsMT3JqLv6s4DdHcr1fOQ3PMfuB7rKkm6cU65KDpOHU6qfdAzXiA3QFJ4puccr5sGJ6+6dNnoWlYU96,2a526cdc-f057-42d5-b747-eed20db02e71
T1,kEVvLBmGYgvXtRK2wW5zFBnk3Lq5Y1VllIj9dcSNTO26MQjrp2mSYQMpJinrDQJEahMWPucERXOw5lLQCHcuu57UD0iC0mLx,6fdeb3f0-6337-43f7-8838-b46167023265
T2,2nI4pliGAtQkA+0aO1BMfLjTA2LZC1zrENjHryz0sJHjFrO7KuYrRdty298qU8jYDwO3cbZ6rav+hXmjX3WotNv+cy5QvTD1,6fdeb3f0-6337-43f7-8838-b46167023265
T3,bFsLjMZl/52p5x6bvclbjFLDQa649HRQ/2hcLt8JHOhMciohzeIVyf5JlcmVIzIgoJAosEikpB8S87BDTEUoneFQb2HAlDfy,6fdeb3f0-6337-43f7-8838-b46167023265
T4,UgoiVGSmc28IzeAaR2hc5eInl1vEjxyYXIr8+g0A1hOXKTu2om46gDq4lihIL2f5avXBi/ZTMuUmaXZpMejqaAqdvhWF0ZEU,6fdeb3f0-6337-43f7-8838-b46167023265
T5,2umWKaxadSih6MV47SIEYkuwMV2AANtD3bwWMX9MtGcHrLZ2aCANT9VUelQFW2EXmkSJelbD20N5d7vUADOr4FOiF7OLzl/C,6fdeb3f0-6337-43f7-8838-b46167023265
T1,mowhXmVAMKyVYiS8Qkn2cnbpmCOpGZ6/ZDmFXFYPZXYvoOlONt1Ca4JWxyEcIVELm7usCwLLwfMpwBrDlXpJLf+mB7ZNn/uw,ab7072a6-09d2-4c11-b6a6-41a75c3a2487
T2,y0oLDXQ9SVLTqGJRCXL9Zm0IZeV6NETHJPrSDNhrF/TXsPPPkx0a7vnL73BC+R3OIXp8QI41yrL9WkcMzuWC1GSKMm/1UoPZ,ab7072a6-09d2-4c11-b6a6-41a75c3a2487
T3,CSLnyVF6YLzosynWVDZZriiYJJdcFz71Sq5t6WhdpeFfcEU+HPVXAofEw6I/lz4YkFSCJHUzoJJbVXI0X7E0gCJGlzr5J5WI,ab7072a6-09d2-4c11-b6a6-41a75c3a2487
T4,9fTTJ7qaQ2MPGi9SWmG42xy54/KWwVXZr8nuJkWFgWFPVLa45fwJAY9khYP2cwnf1/cAyMfK0bzvXK4wnPSKIwGhzr97sdQy,ab7072a6-09d2-4c11-b6a6-41a75c3a2487
T5,up28QTbbayut2lcWEM/HvxHylxfzbrYDzVtw9bM3WhoFU7/F4C0OyGvlJC8jlMIejXkSJv5tjTsGf+cu2H0ICwxp7cyP7bj+,ab7072a6-09d2-4c11-b6a6-41a75c3a2487
T1,aOzGufVDZk9lusV3ViS7uYvs8GOBGy9SznLV4wXaDV55SroH7eqfR7wOrZxjfaiSM458LUNhv3jSMrRSLdvV2rvmpDREjmnt,b2da7d3a-0ee8-42a5-a485-fdf73d5f49ce
T2,3lCQXpIFO7M4tOc/HePKlK6yVu5jKzQAMbBXCVVKxv5Pyq6cEpJa86mJlqam9DO6sjTY9bNZO6hSNyNkdzpPt+Ng/7dshMOP,b2da7d3a-0ee8-42a5-a485-fdf73d5f49ce
T3,7FARWR9nRa2n0OVNZDtLoep39V2vqzdsK1+vpdcYqpyqZ25HYmL7oeokKKRYXAGGshp0LezGprzlTjv80a4fTbkk2e/k0wOI,b2da7d3a-0ee8-42a5-a485-fdf73d5f49ce
T4,QmhCeEp0nKGzbboFbwe2bwKsxiFHyCCX5yLKSKZJCprc2L7BM8pTFbjxKbv2UDwSMgnND4wWQg1kVJIU/6dWb1z+Rmnkk747,b2da7d3a-0ee8-42a5-a485-fdf73d5f49ce
T5,tYIn6PxsO6zl7sHudnS1OpqZEb6EfBg6fLrjCvSkzletmxzg4GA711+cnDdL1irQHe6laUbg+wYfZ57YOqmAUnsR8+AZU22w,b2da7d3a-0ee8-42a5-a485-fdf73d5f49ce
T1,IGEfaqZO+5hiJZuz/7krBANzQ2B0x6XFglw1DxWhf3tXx0NK7tpH0DP18CVmbeZguUGoUpQ9Sec+6bN41mE5P8agI9AMFf8h,506dea87-4707-451b-82f2-2b5cbce2802b
T2,D9qP9Uzi7friYDYrsAYzSpiZJBw18ideyaCQlwq+Md0iHvDWxQ38MluHqS+Lkgbkr0n9KlDpVK9oyv7Q3jVYB+ayYqq+Sz5Z,506dea87-4707-451b-82f2-2b5cbce2802b
T3,KnT/lUNI2b0XhJDVZkEfJ0CVBRFwOjgd9C+7hSB1LLdlSGh3+7ysQbm/vK7Rf3TyqkhmibuPBLE+oGun/eeOyhExpDrmGtxd,506dea87-4707-451b-82f2-2b5cbce2802b
T4,mA4svjNC9sUh/nzIdpNafOA9QcQNDHe6qax/OFEb01V9S4DLrYlpLjLzi9Mox5fqiSgC4UcASnrkQPPuDlJxjt5W/SIAwzyh,506dea87-4707-451b-82f2-2b5cbce2802b
T5,APuOrjcqvIwaAZ8kUTxR9W0xQXOElhZD8FPnsEXVnBsqmPCAidF1Pwknb4osPUTITejAoiUkDEkx3shF6hxCIkJ9XSEb9AAI,506dea87-4707-451b-82f2-2b5cbce2802b
T1,5XqsxdeketPOvA6/0camRtETnesNoaHLi1zE1RLwtUIbd0R39vigScPDf8XlKQqyrJnUThd1J95H8hKjl4IGyo5fYGfngLyi,eadae384-523e-4435-b7fc-71544ebfe05e
T2,ojPmNaxL/cpOdYNAVsBhz7r1pug6TvDmDmUnedXa7gLyg/l8GxeYTDIhL3c59CECN4ijYqo+AN7cKjlS0i1pgYm2XuIxQ2au,eadae384-523e-4435-b7fc-71544ebfe05e
T3,dLD3rkHPYZUMqE8o2RWuEnHLsKj7Brtvh/w8XIWFnBJbhNLbo6ExXHzZe2DzMlCbIl0+c1HmQJTunxJmP7VAnynnnNqKYBfa,eadae384-523e-4435-b7fc-71544ebfe05e
T4,UnOxRBbpmf8CTq/UykUaWDwc/QghatyUnOtlQwr+Rub8o2/MAodXQd7OM41DHH3mHxLMcTmT69EpZKlqMdHgO+Ss0xIv85R1,eadae384-523e-4435-b7fc-71544ebfe05e
T5,tSkfkJ5JGM15ffOLiZQv+7iE+7oFeYmdz2TWSk1iEq38oRuFcaEHoUJNSiRZNpaeteYIx0+zCwARXzSyMau8hJU+RwvHg0aI,eadae384-523e-4435-b7fc-71544ebfe05e
T1,DOmtZclWVikm3EGMHYQ4gnNYU9RzdrNeELvTP81mN+i+DdiCg1hoeiUqpph9CTgMhgMHxq6xOBXD3Tf9RLOXRpP12jYCFcJ8,09e8d09f-6484-4474-a654-1a689e1a893b
T2,pEN94itKqxiiucHwL9XM3LZhIHFRoui0vDJFzaqR6G+DCAGQAUUvDOPeOPlSfGE6cBgSWEuMXMtxfXt7xEzw1pEEkCrWY9df,09e8d09f-6484-4474-a654-1a689e1a893b
T3,6Hcevya5K9ld/vA63SzSpKySbH2loRAlVJlxZnykTkWHzfzElXLzmHXJJ9J1dbVeARo6glmEXm9NmMhExOz7EJ6EpjXhFTMK,09e8d09f-6484-4474-a654-1a689e1a893b
T4,xncdxpwpA4xQ/kcn/jctZGgcwqnODvap5+ISNFAaouDbHWutDSW7Zl8ie+QU29HdsyL1g0aQZDliCJmgJAGi/fvc1P+yX5wk,09e8d09f-6484-4474-a654-1a689e1a893b
T5,196CGctW3XkNxOImLMZfvc6xwJtpVFCm/wRcEArU+AHJeZAJEQUSv8AVz4nFg74iGPcS2AWlMvYvMo8T88e0oIu++jQTKylM,09e8d09f-6484-4474-a654-1a689e1a893b
T1,PJkxswf9jbHGGv/tig7lEi92HTEJkrkZW9MZCaXzG4VJBGil8/z9+9kKk+B0vPqo5JM0vBQPAlqS8JbOFLectvg6Ys9wwrxq,7a422508-6d16-4439-95f5-bb09c5fcbb98
T2,F3EhIb25BfPw+ga7hn6yLciUVfiowmm066nfHalssE3QFh/gEecI75aHGitHh/1EWbJ0fHKLIgSYymi6WfX+zp3e0gAdn6Fo,7a422508-6d16-4439-95f5-bb09c5fcbb98
T3,41USbADr8EmguCh5Et/1BWrC2KQMcqWZZTm+WqNTfP6+cWUGc2MiwejXB+Mdq9xGyIzAamuK4lnYfvWRHgyvH3Yh+9hnJhX1,7a422508-6d16-4439-95f5-bb09c5fcbb98
T4,6ZtDg4xJPH8S6jMwRy9whcYy0GmlACeLX/YM8Lk1L4mqnBa0xEKkE3gPoNXPE84OQwo3VxfowcF6E/yPvIAyLNDa+9SOzToL,7a422508-6d16-4439-95f5-bb09c5fcbb98
T5,/bBP3R1Oh69J0owudNuXJQzDTUfDxUBisfmRiOF+D/1mWGJSiRxLTd8QBE4PQ62d9Dj56qEAanA1TRmh2pWsy8rblDU2PHpX,7a422508-6d16-4439-95f5-bb09c5fcbb98
T1,xwLwcYswhgGZwHFVCE/kn8Co3xaZX/PasojyNxA0RLF0j4S5RqJst+2HIgDsOK8W5bfPS/BX1MXP2ME2PIosSN+yPu3FYt13,5bebc54e-a886-4db2-b7a9-030df1d9572e
T2,AJyzFsKD28EJoWdI3f4iPfCj1v6zZdTmHEdiPxdKzK1c9lHcYH3yFpq5oSkSE1WuWyM/aarRS/p9rj5ZDKKaNm8Tfor5OFBk,5bebc54e-a886-4db2-b7a9-030df1d9572e
T3,DTpf5td3e8AOC+Fy07vxDa2u90HR8CBHhbSWP/ruV6TC0gmToZl/Wjc93Ni6ekoVVJt9XeaslmQLdMeVMbN41sGoiMkxSnmR,5bebc54e-a886-4db2-b7a9-030df1d9572e
T4,DK/rPx2O3sPF9sIZVS9krKdSDvkKdDVCFkeLrqN0ABaR8pD3I/Ym7FmZKRKxPGNkieFjdmYv37ADu58VHy0Y6E6aJsEwJHZ4,5bebc54e-a886-4db2-b7a9-030df1d9572e
T5,/qNY9D9UmmbtXTrwD59+wFU5+8xNJCl4gBLxcgjkjPEes+/d16K8UtTkIy6n6iA1czNZrM7ewZYGDiqHtWfkGAqv9dPdBmuL,5bebc54e-a886-4db2-b7a9-030df1d9572e
T1,gAAgdmcEHOAqS/D8/lJfgcqPCGsPFlEA/3mN4S+ginTYyGAFu0NZjwOsgGA9UgyhMCDqICKKAGU+rVCw7KR3puorR7L+Bf/2,2becbf87-c316-4155-8c06-8aefd24e6099
T2,2BB8wAKDR1yPwKAoqoWL9N6IueJr8jdTj9ua5JwmkEX8LD8hbi2TTNuSsbGU/iLSnyuybWBrq5kVjUR+OIDJ9SjB6e1G2LzX,2becbf87-c316-4155-8c06-8aefd24e6099
T3,Q9CdYnG7MQB58v8vDf+zBZ4aH/RS4j+wJ4W9Af50SvvX8ctaUmJ1NqWBahT0HE4Jmhc+V6+aIKS4xYDdM8JNxruN+vQoZ5l+,2becbf87-c316-4155-8c06-8aefd24e6099
T4,Sof9oUqZOSA8qGvhIxJMI+WhpGuO9gZ03EIMQ688dSlbLIXSDN90WgycKcNvQ9zSpOJN09qHs7Y/yo3zqfRnRH0RG4LfT7Bg,2becbf87-c316-4155-8c06-8aefd24e6099
T5,q4SWah8z7yk2TdIMQQuNF+kHggU7OEO8CjwHyd0koa0XD+mf5dgyGin2fErgLZcNa5gdLcjpFjX76M2+gosN2wwPIaP3W72r,2becbf87-c316-4155-8c06-8aefd24e6099
T1,hKXVrOM1lAL++AcOVCYf8najV5zFgGPTX+CxDGUOuJ/sgxmzRrqnOZGXubfvU1hWiYEHv6UpY43XLndAAKBlNeQpKuszx6WJ,cee68070-62e3-4adb-b422-5d77136974f8
T2,rtkygBdh1c0+QC6O3kvPXOZ47wOEU4A4H87TtBguhkYskitt+U3Bjal+3bBewit+a26Yqgdej+plGdUm1h2sJaKBPW7uTvrd,cee68070-62e3-4adb-b422-5d77136974f8
T3,M5Q+3HuyBdV7AQvGiZogJy18aZiFiCizBovybqThQ9yesixfNuEOlkkclrbKqdJlziRaoeg8QCodayRRX6YUTtXl9Jbhwo2W,cee68070-62e3-4adb-b422-5d77136974f8
T4,ZQMdxEEw/TVgrQgPQnv3h/1+7wamcFoS7qf06hcTQChm+/Hkd6+ShAm8C35pyf/JucgH52rRhewqshsgJ9P6AygfQYBnp0wa,cee68070-62e3-4adb-b422-5d77136974f8
T5,Se0IjHTD0wyFvoke79KjCGBPGghyJyhmVVSdqgJhViwctCeJi0pBkV1lOsybhWle5fFGlSKSUym7mf9xipJ5JHtiBeUYtogA,cee68070-62e3-4adb-b422-5d77136974f8
T1,38sFjixVX1GHVfUqawjWsHFoSNpgI1Ev56CcVzDl75PH3NDQzeCT8GD3q+qG3UtDv0GK31lM8n6ybC1Vposmp/uu5Ph8sN9R,19b8ed3a-0b9f-4c55-a925-40b6c658f1f6
T2,frUV7PC1fg7XXtxCyAKoR9Tk33wJNpPI9mDMNp9nqk0n8a/pe5hCyfAZ9jRvwTJ0gLRs/LUZuk1uCrE2BDy+1eYjRj4d7clM,19b8ed3a-0b9f-4c55-a925-40b6c658f1f6
T3,OnkfK89t/EvLtKfQDxBkWAfVGD5LOpU82d4V056hIRkDWpMPqByykK6AXqpTHlab/F3iegRhMjLcK4IWuKitG+EvkSb2xYgt,19b8ed3a-0b9f-4c55-a925-40b6c658f1f6
T4,TfV2TFI0JwajjCaKfHzTPiQAG5F2pGiNLOOYCJrtP8MQBYzqna6tF/oFmrf1cFS9w2DRlMzb15P+XAdVvar8M1bczqhr1OCM,19b8ed3a-0b9f-4c55-a925-40b6c658f1f6
T5,sWLLkUNB/amQ9mAQpgxRI0VT8gAx0YL/NFPDCCbmCd5Xv4m5Mjm5nPLdBsCMjkFBzXbhbr7wYOqRY6i01t8xioGpZ8mG2+kY,19b8ed3a-0b9f-4c55-a925-40b6c658f1f6
T1,kbssnOPHOMv046uPImCI2FUzhmcuYgUrXsmzqj5qEeb9uffzDzRyuC/t0pATE9WAmuRNFmKC7G04NYgEUmkA/Fu6IF7k8zVZ,e416ba4f-e480-4d9f-bf16-a93471404d65
T2,FFI4bwUS3gEl1e+i/IzJalogm9i719R9XG0UUoQzrDiJK8VZVnH6gJm3meoVbzPUaFx2/JaKg79T0BuSE2gblhSyRqY9fVcZ,e416ba4f-e480-4d9f-bf16-a93471404d65
T3,5CkFoYzy3RJxQo9U249bTM6B7YU1AzQyzX1+KVzll4XjKevigRuQl34qbMzBkjDpeE5lpgtgvzzlyN8GZ+UAQjeDpSV6UqxB,e416ba4f-e480-4d9f-bf16-a93471404d65
T4,iCS+gLt+1iI+UGEm/6viuYhimD3MRWb6z9wfqCPCy72lfVyUsIq0fZlHVz6K0t2jhR3tK/rWpt12fkIhuqeQHBf946wQ5fb+,e416ba4f-e480-4d9f-bf16-a93471404d65
T5,liWmIA1BXaSvlxDG61HdKWEnwa7MJ95t/wx5PiJFNBS22oanoByunAvROpgdurz8/+CRwipcHrodDY0qK/JSFl1ipdhISzfn,e416ba4f-e480-4d9f-bf16-a93471404d65
T1,VEneMmk8XBh2XwxMoc0Y6EDzhvnt/BL4y9IoXJ//E2egGJyUh+aoNGsR0NmhlUDZ0UbDHlMYog8VKajJQ15qCPwt0+pAuKLW,7082a4f8-27ad-441f-b3ac-4aa3753bfd5e
T2,rS6groCtppKxnVxSLqC7voJi3+JDlnOrN4eqr63R7gOr9HzCsTQ+EX2RTL3i/XYPbdTq/avb8UNipPyGg4eH2c1uRRhaZ3z9,7082a4f8-27ad-441f-b3ac-4aa3753bfd5e
T3,e/vT8IrrAUKEXK/ACg+iLx3JvqIWuoOHfNYkhraABsZUlRsdDpW554lMUfXH6ysDObEJ3sh8bUN+NuuzCdhs3LVeyo2RWnzu,7082a4f8-27ad-441f-b3ac-4aa3753bfd5e
T4,wnXnfQoATzKTk3IL1bEz8irHk9SoU+QhaKAvOlqk5/fPNf66xL8/f3ukjC7xlqNINj0sBvXmrpQoacv/gwEII8ixbIRf038f,7082a4f8-27ad-441f-b3ac-4aa3753bfd5e
T5,evCqY2f9KE9dQlU3YWd7pvZA7HXjValXyoqLAfAIiXepjJy4a3PXbx306edgl5NWvIb1NZDi+oNTTdN2UHhl//BV48O9Cllu,7082a4f8-27ad-441f-b3ac-4aa3753bfd5e
T1,eODf46WWb5csEkv9HM1YQxZ6J9v10OLZujtV7Tkul43dRe7h23LSbIeHkdtWevdkCKT0GkjOn5/foCPXANEp5NX+Dqi9sArt,8730806e-5a1f-4e46-87d6-017b20745505
T2,xI1HHG1gNsePNE5IUtYdFhzKzmIpavucsne7TgHX05r7CZybIO1MXnqm/Dx3WAKU2/dTBapY+fpj/2TKrtngwlt8ZSaAoP+M,8730806e-5a1f-4e46-87d6-017b20745505
T3,gGhuZAZZhLpXG9WVFqpOx4pfVOOIqg21Uw6l/TCTroCmczDQEJz76XqOsLRSqqick3r/lOLqJ0jy+efaApK4N7dc1ZABmkMy,8730806e-5a1f-4e46-87d6-017b20745505
T4,vu/i9Jt7baqf6Xf+1Tk/j2QspVNad+TlD103l7k9qDg+tNwb2QR1OYCe6dapoODDfG9pY7CspZ4pEmad+s4uymc6mAdc3rok,8730806e-5a1f-4e46-87d6-017b20745505
T5,xvJ/ccuarsDlZlws50lE2iqokDM2RTLwVIPbYcxDcvV7SymkTBheTFtzwBF4oxWe4zab4opzZqE0OKyYNZ7SRf/K+gu9BLHy,8730806e-5a1f-4e46-87d6-017b20745505
T1,oERY58F+ckLjxERLiPdkwuaAUWn01qJHfrY2/uIS786UKz4riL2p9/GOxCZcf2qHaJgw9lmQjrwr59JodBQeAAuDALBFtu79,1c01c2be-cdbc-4a18-ae68-646cf810c7f7
T2,4SZXVClEO9ikYqfoMyOENSOs2wO+xsqgRZ+i838XlTOkOB2g858t8ks7cIukcJgX6TbgnMoV9Fd1STtp5GDUt/9RIlSI4j4j,1c01c2be-cdbc-4a18-ae68-646cf810c7f7
T3,Yd04AmGekX44EMad2iManQu8YPMVFOW7lbe6R8HQoNHTZWk6yeI0dClp6Jn/7h8iaK8C4aD1/0emQ30BF+jU24ldyDE/Tnlv,1c01c2be-cdbc-4a18-ae68-646cf810c7f7
T4,md0fYxut6Q1pxQ6Pte2OSIu3VGIhdUfMzmFg8GiC8F8LdVCkGRJaPIFFW2jT2lR+B4De9qt00oh7YPkQJ60xx2rprJGPPUiv,1c01c2be-cdbc-4a18-ae68-646cf810c7f7
T5,slvRPa6NT20nXLWT7nADfZSorARixDBiGkEtgoVHAfWvt/NX58X6TymKTSjYBdydxVW5WgCqNAaoByfllu6p5IRip9OMP5A/,1c01c2be-cdbc-4a18-ae68-646cf810c7f7
T1,MO72u4hVlGdbvH6ioUsgh1QtHULKtSpSoEt3T7DGFMTC7dtRhiVY/qgTJXTVdGOXlhZEM8Ww82QXUp3Uf04YXD1nWk0cbEVs,a79cf3b4-94da-4bc6-9052-b744b116f379
T2,56RAbLJjwXiWxbWZIO4gygY9myl22HjjHFNTGswe8uFjgiTtMVYlPY3eJBUkTe9RHdy7H2AaOkISU9/Zx8QYn5II0oqKXk2v,a79cf3b4-94da-4bc6-9052-b744b116f379
T3,08AofWVhyB56wnyTXOJlMXxFvupu4eF7bk3HanEpWDVpoOjr9GTdQxpGBGXh+0o7VnWhgd/PvdG2xZP8OpzDvRAiyKxKQVMR,a79cf3b4-94da-4bc6-9052-b744b116f379
T4,4pPkXdpDONHvMJC6MaA7sMihn0ZktFkPIpwEFUI+JuFCt/8+8JyG0d8tyfSM158gsRDv5wrHcZGAHebFz/0t+ddViOP+apad,a79cf3b4-94da-4bc6-9052-b744b116f379
T5,FbvzAabB0pSOk40AcG1KArcGfSLqCBrx38dpefDkcU+Io28ZsX2mAfa0sfXYgm5AJJEmD6TBteGmRwyEAwLb2+Y1uaCtfDNX,a79cf3b4-94da-4bc6-9052-b744b116f379
T1,4MdihoJaIznJSJDc6Fvjl6eu4KuDwTOB9JbyYJssXlsNOiAm0f/THcxaD6gtozxwqFoYAqo4oD4qeYcNDQV73JUKfky0dI5u,e349cad5-0a75-404d-b1a2-6b1bb8d3e017
T2,c6S2DK7+k3S5DJWToFOEUGq9Ut+l18I+9t4eC+VtTGHuRfB5rBogtK829LDe94Hd5GSE9pe/ScfRJGWfS3Jks1nrSdmyG89D,e349cad5-0a75-404d-b1a2-6b1bb8d3e017
T3,54bfheAVorhyjh0xVZzS9o7GfZ4tp0lhtvi5rgIPj00OVfQ0lx6xR65o91L4JdTRCJhqKsz71Fiv8czxz4BjjzOzwdeiWm5S,e349cad5-0a75-404d-b1a2-6b1bb8d3e017
T4,2biuyWT4LJC9Bqh7qoe6OzEjksmhu9MvcxRvyYpcVzafTDS9A7gt3RE2ft0SHyY+QxYts8dPdb96WIZ8uRyc1FiYLjAkAFNd,e349cad5-0a75-404d-b1a2-6b1bb8d3e017
T5,Jn7HJaAXTyYEkWeKZAyKVFhAeKUVmtzjNUasSn8VKkgumWos1DwyJUlXOTf1BxGGG0cT5+a4U+ECZU+iB5ltZfqqpNrFgw65,e349cad5-0a75-404d-b1a2-6b1bb8d3e017
T1,BnGxRYdZV9JwtBue2TugspmF2QLvKcPMMJp/Grbif3y5Ed3XBqyd78pI+cIXKhyQy6M3u5HzBQtjFG/stVt/rZHif77+AEz1,dfd8df9b-8707-421d-843b-e113e757fa15
T2,j07AejI6n/zQas6mpmy4IsSVZdnH9cstYZdUPthuddQmuxtBhT0ZabxWlwXzsZVFJDlO7KzEnZb0MYvvasSitzTnIwtmHUZ6,dfd8df9b-8707-421d-843b-e113e757fa15
T3,yTyrRtkBMvVUYPp1QY0cEoUKnj+I/zO7MT4ApRHbU7wj6IRWaprVNPMx0Efyi+7Dsov4XKVHkpbj7DAz4SqV4N0Dyh+io/lO,dfd8df9b-8707-421d-843b-e113e757fa15
T4,vYSOnC6RN0ytKlB2I7gQuoRp+nBAAJgkyhLbcB6ifOffAPLqRmtUHosn7/eo2cwsovDM0FUKXr77M2rzlEexOSM929fvRwU0,dfd8df9b-8707-421d-843b-e113e757fa15
T5,JA5eRE56B/HTQC+KGbuTKMbNCh8vt0LEEFMILFSXqsPPW73GDfsYgpR+NzcGxjEQFPyhPuUzy6+UnWu+XRF6SHtUsqWLeHM1,dfd8df9b-8707-421d-843b-e113e757fa15
T1,5wzC7tAjsoV0j9J4ddecdRQxjiTswmBEK6Tq35UaXU5NvqEeEB+gp/zQJpIX/jc9vZom5DJAfu68gbvBi3AeVHScN7CkXi0E,baa30c1b-759d-425c-879d-771fc6eabaac
T2,P7gSqJz7RP4kmxSL3e8Qwm9LFeJnF0D727dOLe5AO7EKhT9I2yW+Wqkzqcdi/Lu7WnhlBg8wKoxS18oJ2h311QHZWzy0EarQ,baa30c1b-759d-425c-879d-771fc6eabaac
T3,cFYVDd8t1cW63k3EAU7PdM7vNj72ds7MZFZXdCMn9G3Nb6sme/oiBQtNbI6Hprqhff6OFtJ9ZnsKcv4o03IRCY3kQz+8wlF2,baa30c1b-759d-425c-879d-771fc6eabaac
T4,Lgz9Bx28egp6lvrck1v0+LzMRn6F1UWVhZvkpKQ4zjkSwrJN9KKRdtZ8KSlFYi5g8lGtMPs8mFRhiVDLs702g8TpzlzUzm7U,baa30c1b-759d-425c-879d-771fc6eabaac
T5,6tOO0W9VzlEF7JD+pczVcGIk7+qCnzyjKZMSOvV7y4i+l28Zcr7ZdmD3VsQ/YBPbFDbq1V1mh/BEYpLrlUVzJ8Bpe/A95pQN,baa30c1b-759d-425c-879d-771fc6eabaac
T1,lS+hchR7A5UdiPkKFVc/4RbOBb4kzHAlMKk1tXDvZM2LE2FagK8ACFJN+xpYwDBdr5FJagh1f09/WbQgOrJhO8RHYIIsywRk,1358e0fc-d873-4b46-a91b-079e4cc9c014
T2,yEq0AYdjRfeR6ce/lI+tTZsLqzr0JJ61C9i/PvTUH7uYA9UgvQXVhAzdvXibQfU2rzd3lOysCCEL7UdRF6bzFJZpgDIIayKO,1358e0fc-d873-4b46-a91b-079e4cc9c014
T3,MBbjY50waL+a9vK9ornM7S+rUaWOLDuCTzdlVQ4zfMiRRkKiSmtDnPgljfaqAaqpmHcDVxBewDaEhn0WhL5695G3p/Cv8i1Z,1358e0fc-d873-4b46-a91b-079e4cc9c014
T4,WUlwxgB6lebL/4oisRD0nhDWfYxrd3X9QAirNuiTFM8D7y6eybMZj6tHpGfoARjSNC+4CgaCFpY/WwmW1IFVLCrQDyu47WXV,1358e0fc-d873-4b46-a91b-079e4cc9c014
T5,bdIpT+MYPy4jQVy6RafYDW/8R2i7VR7MxqSn4tHLlRCweOi0eEVOw8dF8GmrDkKoEwkNLHVd9XBDbpUsXIOFvdUecjX00gZr,1358e0fc-d873-4b46-a91b-079e4cc9c014
T1,fNLo8dyffb0dzAAnYqe1Ai3FD7Efxvh7DdnhmTc5AhcAilxyleL1TLjhHc+TpRx13+RB6mNiZIDMb0CFyow1sONadPh0PSX9,03717c26-7376-4d68-bac7-2110f4baacca
T2,tCBnbkAjWVnyBYNPfJ9+J2CgM8aQNOEi05JuBgeTMWcZX52U5NvB6ZWCRIJauY8kbll+tQuxtx4RQ6ITT/zDMvcTeiWKL24s,03717c26-7376-4d68-bac7-2110f4baacca
T3,4Cbc6OlZL2PetzqDpa4a6+1BROIu2OHKXKRzn5Mg3T8Zx2zRE5/6ydyPNuYSr0iS68M/UTrs0R1kkNI0E8738f7rchk6ohb6,03717c26-7376-4d68-bac7-2110f4baacca
T4,s8AfLRiW6gZnt/fTT6BPPWOgmwecNXYfo4OCzs+bbexEIEbmMFfMFzmum4G2eDPBGcAj5gDXxDl52wUq5wwinQRy50T8M02U,03717c26-7376-4d68-bac7-2110f4baacca
T5,AN0ZHZsIevxVi8BUpW9SxeAA31bPqMSE8aFx9YI8+5qcI/9uACBH7mXgCCGP1g+UHpsWopKHmwGg10NkkeN3MoorMBCaDDKr,03717c26-7376-4d68-bac7-2110f4baacca
T1,7EQ4XcizLUhsD2xbTyoWe8iD3zQOqocCZyw/qeADW7JJb9hjZ+vcAqcrXKvCowu2z2ZZ4Ms4gRHejgr1CKSRC2ve+KKr9OP4,48c0832b-365a-4c45-bc59-75f0f16019af
T2,Hq3hBnIkaO/0OWDxNmADFFBFTRtnr/gLt2bwW9ibocy4Fi1spf9w7AnyrMNCLoWoXbME6JUDQbI9MRsUG1c2FTmW8LKm0cIo,48c0832b-365a-4c45-bc59-75f0f16019af
T3,oHr1BYPiDnRmNsAiyjB7l74rV+8JIIBtuPnN6VQrKyVFXdKUnxAh3/jePzmGlS2+CPh5oUQociUG4GkQ9D1qtdx+jSTSEWLY,48c0832b-365a-4c45-bc59-75f0f16019af
T4,OTrH068SOUa+grm9wIOyEvvpzSObgI11jYhOLY93d5OBVD503Iz/6gim0Wby+pback0OwJXvN0RrIIy+jFvSSNBN8k9Ghmm/,48c0832b-365a-4c45-bc59-75f0f16019af
T5,8Kn3WnUzzLz53d8biR9pvbYx5Z3QJ8HimkKqCStiALFCs/l0rRC++22vtsA20/HZ9261V31Vv8rzprAnDuCmjd57AAaQDVkI,48c0832b-365a-4c45-bc59-75f0f16019af
T1,wy/dPN7jiwfY4Vh3ye/Cq3ACNSo8QR7/OcdStve8WRGDsC9nceL+xQFc6YGtnsqimDoFjIdPND5nYi1dPoOm7XmrQh7HbVoU,154777c5-3f58-4070-bdc1-caf147c7e822
T2,cs/gXAeuFacgwxTqOwb7d1oeuh8jrVCZc5iY9DON1WNlHeaUZmy9FVrhlHuLzkIWocvdFo7zJKIuGY9Jn1vqQOHpiluKV1yM,154777c5-3f58-4070-bdc1-caf147c7e822
T3,cTVYHJ3EvHcrjkwZ7VjdOU8AfATL1L1fq6qFaWAtCezyL4P7B0Hk8p4w5Vop+/bWwSkeuEETfOAQjQvVZbNoptLwW3SYMqha,154777c5-3f58-4070-bdc1-caf147c7e822
T4,6vELXdhW/sk9dilejNV+Sd4yuVEumuRoCEL073cMLpOD5aFznUu2D5Wwvf7vdEXZPxtCXMGKYEvKwBXYDeKAxFGDxG1SaFCz,154777c5-3f58-4070-bdc1-caf147c7e822
T5,8vHlUYvr3Pqizzv8UU/GsJRQakWKVbCp5xAwQT5j2SD17TWFwB6d6KMSRYeHX9T+UOGF4p9PMFi+e1tc8r6LKhTtch1ntV91,154777c5-3f58-4070-bdc1-caf147c7e822
T1,pqDkBmcaIsnbLxAqKHgcPQEOOYGDhd53Nqbr+8+amhhxOYBiGzo64h1MwTkke58AmvVGWagG7rnq8nUuuaWufI+QNTgYxpWM,c4e0236e-eb98-456b-9a8c-8fbcdb102a56
T2,zxl5JJrYyZ+K69Pj+4/7e93LVJJMm14laVEhgRUzUM+Kl9ZAuMYzTG3C+3O7C76eFPJPtkOVrHHZeEZKVt/Dv9ujZfpkI0f3,c4e0236e-eb98-456b-9a8c-8fbcdb102a56
T3,HVhvRrSpHePEc9OmdiKWb8OBs3qff9t7u8UC4a3gBAL9zr7dizHmmX6AjLT55WSsmk9nkTyHMYsABrrjMTkRNA3tltegvlgE,c4e0236e-eb98-456b-9a8c-8fbcdb102a56
T4,AqKKIyUtLvUS9jKfXFLFiwdpYvPSqrofUj4j6OWtGZA6mUM8JbUMzI4bbKa0AKOL9ntu785vZu7PnhwZeueG/H1GZoaL337K,c4e0236e-eb98-456b-9a8c-8fbcdb102a56
T5,taJJrYnAqxglBu9xVnkYWaiURgT3hEdQaxs4jPY2d0GUcCyJAVgl8Jm30k6uELohM7Rbvg3zFhSEVmR/fybKiteYtfakxVui,c4e0236e-eb98-456b-9a8c-8fbcdb102a56
T1,ZSwed05aBSPPM98xq7g8OFIYkgNGmeuQdeHaBmgaXA8JoWZZlQk1OuPqwzCmClsrbj/BjUw6Ed7slirtETdrT1GAg0jMMa0X,94e6defa-2ece-4573-8c19-eacfca7d447e
T2,fffD44nkU+g7JttIcot5NyZjRmsvTZt6GSPiE2w8DgVZZiJ2czoPC4vkC4NENgagOeTmSceqE0OdRsWQ9s6utvsWsS2FC+gQ,94e6defa-2ece-4573-8c19-eacfca7d447e
T3,068dK3qTrWF/sCPISbf7EJZeXXpUhmepu6icuK2zCrcPMmUJs0/i9/GCfV+CzMIWg0UyVREeEG9JXwhGmUw7nxn1ZjOEBbOH,94e6defa-2ece-4573-8c19-eacfca7d447e
T4,k8c5BOspYH2mrZOukyg6+FTYwvOCogUSvdCVyLOswgOlw0ZinNWzvCCFEcZ17p8VT/Xs5jF8/85PLdyv6kuLt8pFJekIG9C8,94e6defa-2ece-4573-8c19-eacfca7d447e
T5,l6/lKfdj0vNyGZvN8jmQKhcLEuIfSdpkAjFKrDOTI8Q3ibcidZoj9UhP5Fd00U47Ml2z2Z5ZeeXTTu17yPXBXpcUWiEdZKFS,94e6defa-2ece-4573-8c19-eacfca7d447e
T1,NXxWM8iuCtzwfXINprc7k6+8sWz6mJe1zgaICAPpvhBA6is4DY4bNnp1aHUI4KY798NvAQa2Jrx3TfUHLfS/VL2KAQaq0lzm,ffcc65a5-86d8-4d69-b329-50b94a18bfdc
T2,3Wyp1Ju9kh87JknDSN51tgzdfNultO85gPhwwadF2jBok8Z2UoSpiXgitk2vEr+sDjNM8P8SqT0n0rABX4BC8dNoMep0kXHx,ffcc65a5-86d8-4d69-b329-50b94a18bfdc
T3,rfWMPiQqBtsv5jvbr0flCiTtaAeA+4QoJYEqshaNm9Qrz362m4roy8uSb5zovtmAs/V4Hyiw34Usex7kMSSxnzJvY9qzmEUl,ffcc65a5-86d8-4d69-b329-50b94a18bfdc
T4,xY98CxCB8fF3a6YDZdT2DE4bCK3ZGEF+v6QRgkG40ZuiUujWMNKKf+tUljBDJ8MwzkUFyx75OjEjw3wR/i5X3Rk9BRgFV4j3,ffcc65a5-86d8-4d69-b329-50b94a18bfdc
T5,y6X1cAH2v8SBTjZbTvBw37fV9GEouYzdT6z9KBe+rz78m5jyU8xaOFmhY25YMIXJ0K/NtSNS7gwzpLq+nx6F2fK3hVBf4MLJ,ffcc65a5-86d8-4d69-b329-50b94a18bfdc
T1,/B2HaGFTbvo6DTYCh2/uFs5/68+MsMBKy/vHKixUvah4n7G1DOE23oM6UbvN4nTNKMHkbLUgmY9kc8zEs8Mt6c4iCBvSxzmf,bbaf2b65-ece7-4fbc-abf0-8a704951f54a
T2,MGBOTXiRwpmocsxbSH0vpvT02sUX2Orf2FBA/72ChnN0sPopr0sRGS+txG6VJQyk4YxOvlFFfiO0k86KdmNoFmWiyOz4WZjP,bbaf2b65-ece7-4fbc-abf0-8a704951f54a
T3,q4T8ZpmGzcsA1wxZJTvLRY91UvFNNiKBonKRRmNHpWYFHNCS1U2GD8le2uCH7H5g++LpXyaEOIaVGMzMO3rYMibcN6VE0Ni2,bbaf2b65-ece7-4fbc-abf0-8a704951f54a
T4,1fqnTp5U1mLBOmznnXrI5ydNGuZ/fJrCf0z329R+WbnFqWYrG7k+Wias4LWFnXg2bQAiTov2RqHkoJ14WRP95OvDyg/xXLvK,bbaf2b65-ece7-4fbc-abf0-8a704951f54a
T5,cewyD0GXcOPoQPcnCaU+kBT+ji8zdsQXVd3SBzYv4LbkV4veHGwhaLW8Sdk71tUs9idJNff0X9NSWDLIAW2KXsdB3GW3GJpR,bbaf2b65-ece7-4fbc-abf0-8a704951f54a
T1,VYhjYAmlgc6qjxx+15sNPFNfku564zG/KBkj0cF+PCoFgacgVzG/z+BS++46vUrQHdWKYVuMzGHO3ilbPr6Kb9t7TYgF7+cp,9e5b35d3-b201-47a8-9945-ee90384f5b45
T2,qt1ubxmS6X09dFq3gkQP+HYd4bAO9rWVYRxrn/3gXceTeelOvUhu7SUvOWXPXt8goi5QmNsjtfP/GSviZvJRjo7RY1HW6JgW,9e5b35d3-b201-47a8-9945-ee90384f5b45
T3,y6KUUOXM204BqSguKhApegSOiniQROsDYEJP0G5x8wbm8SPoENEJVdyNy7WxL4pEJvuh6Hy4c01S8/y65ZYiSWWX1iupZ5oR,9e5b35d3-b201-47a8-9945-ee90384f5b45
T4,iN+dbbXMTpK9XBjac1eWlRvqKgC2g8blgfo7GS35J/0VMWA6UlRKufyqHJabOVHns61NtgCse+2xir9VZTaXJ3r4UcRzYdzN,9e5b35d3-b201-47a8-9945-ee90384f5b45
T5,7ThwlNLc3AlikNbXgjhk6quXY4P8YCwlImBnFVVihp8VC5nguz/t9logW9n+40qtOFrzS9ZLAngMLLhmt9rpbho6VUb2AFMn,9e5b35d3-b201-47a8-9945-ee90384f5b45
T1,yqJje1f8meEJfwfEa0xgX9HZSPhdTIurgSf2ykIhUxrmouNucsuvN4F3YO+rBtgMwf0ClYQ9KEU0cHZ1NTJB8XmFpNsHNXuu,08795c07-ec03-401c-8f58-640b1829fbab
T2,Mit0TFducGCqw+QVacQOpdJFWfwmEv5EGmOA5C7F4Wys4SbYkdX7JKJnxpIQ/4CSgTX2shWL6gqjkpOyapNA5IvCelzl/AQm,08795c07-ec03-401c-8f58-640b1829fbab
T3,ovRNdLaUxsjvwtc3eUzg6GzDoSmbpm7yWrEki9xVH/dSWelq50FgWYpYs1lqaxzTtiUgDu4/FHpNlcgs8sFSgAb+VS3Spcqe,08795c07-ec03-401c-8f58-640b1829fbab
T4,gYf0nvoP/sBPDOpunnLN1VGL2XTnCgdSShMiwdkLa2dCfJ3VYjUkcfuY+tieQJ7KORngs0DXoXrk8p2VCySDO1x0X2GD2Dce,08795c07-ec03-401c-8f58-640b1829fbab
T5,PlrWY+5CRLLIG4isHI8td4TvPquI90HZUdchTqcjT4YVI4+A66j7uZ+pTV4uz9eS24AlnRn4wNu97aSGEPBKUQQ00JY3mf1/,08795c07-ec03-401c-8f58-640b1829fbab
T1,t6ZVD55lD4AvOKaa4BH3k35xCYLGYRHR7IcRG2UoHqswu4kIvYWWvYauvCJZ9L9QKPSrqFJerKicbSJHEaEPPmFdKNEVuI2T,9fd70504-1d03-4bec-94ac-b8a147f9d346
T2,/oVBsGuvvYUU5NooUzhsJIg54uSQxrhiybLyYx1KfN6bRrbIx2cIITpwsfVFoytnSQbRhj4Dn2MMlBq+g0CMsaLTeIzXxvvd,9fd70504-1d03-4bec-94ac-b8a147f9d346
T3,UlXnysN+lQjK/ENbEueyB3bc8GxT6U1zHbsix65lt7Tkh9fWgOYQGHuKN9m9MrmRxEoq4CJ+bZvubQCIy7G55IBVfXqejxwX,9fd70504-1d03-4bec-94ac-b8a147f9d346
T4,YAT5sC84lhc08F+TLpqq936j6qwswX3nv9BrnuHsNhpkGCIuh5WsE9Jiifc5fLwSypC2ZU8pJ2d2BnxQ/kw+CWnOcyGPz1jj,9fd70504-1d03-4bec-94ac-b8a147f9d346
T5,xwXV3j3mVN7tjRgedLQp2jDtjgRMpIGYGtHWtF7BtvTRCdL7hnOX7b0QUf0ASrbBNCYp1BLaXVC5uEVoj+DGupyTeDtSgBR1,9fd70504-1d03-4bec-94ac-b8a147f9d346
T1,RHdGLE2IKLeI1RbMMc9MjL1/E2kBfG+bA/d8xXQMkW9da66Q99hqbXZGXhUFwpaPMf790bLGW1KmRHKOb6RH734KhjPfXfSA,1b5fab43-8f2e-4701-a625-73d1a39814c0
T2,rNe5+s3Qbxr4+MKUyxU6pX/yLYTOd/AW0XxdwmejQzG/+7R854Ll7fFFX7JSrMqMlenObdBFlPKL3p+whCdpJ+rZ4ahdlfoa,1b5fab43-8f2e-4701-a625-73d1a39814c0
T3,YcB32JJkYD3tnQQ61V4DuRyKZuJUoo+W7mr82WPH0TnvZp5XdHxC44owP9f62edeLoqxV8K6LogkZr4lef/afN3pA5CamcGj,1b5fab43-8f2e-4701-a625-73d1a39814c0
T4,FV2yz4OAd1aN1wFtmH99zlT8sgzkdwBJzWgeKWMPo82karihb5kpijvgO9IYuj3Bt4ehU9hagT4hODGMNSnGvkOI169zxbyU,1b5fab43-8f2e-4701-a625-73d1a39814c0
T5,6ishrnAp1liow2SK8YIm+lUpcrDllPNDJTqM/N28ViwJhOgikK+UKLhrA+6UWl8WNVfm1Otr9Cv9Wh/w//j3fQHuUtovEygm,1b5fab43-8f2e-4701-a625-73d1a39814c0
T1,me7qjcuorXVkSxqpmCVi39TDUgDc0oQ72USxfTpyKFuqaz37kHdcL88vETrDyBj1GQWShQObsO2bQMd2LH42DibVBtJuUWmO,d7d7ae9f-0a94-4461-8fca-54658d072351
T2,4t9LuGHtUHgnpkq2XPEWCOZ8ubxsdL3PSDEipZLoJMcvNVLawcjfAeUcLRX1qfpd9XfNDGEtjIo8BeKc2QdtdX68qzPrvMS2,d7d7ae9f-0a94-4461-8fca-54658d072351
T3,lCKTxEZQa4NCPusCGa+MhrqRwUYVj7B9DvrqHNX9mBW5c8aBdstMpL/yrb6uz1fJUopk6Yp437LQesfs0Mkc38wWctVXQvQx,d7d7ae9f-0a94-4461-8fca-54658d072351
T4,Wh66MCPY8BhjZHi0l0I7HcbtOW2lK1Ys4H7IoVU9hjI5iEzj+Q3RJx9mRPMlnq3cou2p2qhjBgKGlPSp/0QHxWtXwtN87mXq,d7d7ae9f-0a94-4461-8fca-54658d072351
T5,rn4PYkdoEHxI1B2FhaNXwIBWyiIB/ewFuAPwQzQNP5BTNg7BNvuR80u1jp+7+KSeCbc/wjnimjEFB6X+APDbxMt37y0G9Y2+,d7d7ae9f-0a94-4461-8fca-54658d072351
T1,kX7PvwsriRIvH5Crp8LgBQ9QuMxyxiMdhbXonPokVsdZJgTr+vZPnarJEr9AuyQwmkBz0/3q/aElctfmTyqHhwjBdt7TYsXj,1a15c2b7-ab94-4733-aae1-cdc75993040c
T2,QkUdklM/PTgbC1T26joB+zUNwZ/+6d8zTqLHnx2lMRnOyVwIxN56i7feWxyvk7PnykNzG67nfGHExRpBL3nVKYAPMwMy2B1g,1a15c2b7-ab94-4733-aae1-cdc75993040c
T3,Jthp5ZlQ1mi9vefK2E2thUtWg/P3M0eLyh0MP8U8IdKA9avQWOREh6fuy+cWNsfeFpQL3cAlqDamC60//6DyjUUf8rILf7YS,1a15c2b7-ab94-4733-aae1-cdc75993040c
T4,vT+SBvhLwkM0/WZWE5T9YWjUaSccgbX0BrIFm5QtBTQRP2QH4LxasPkX285fR5s4BmRHI0rFEGZXclR0mqQoCrqp0a9HVMUX,1a15c2b7-ab94-4733-aae1-cdc75993040c
T5,P/Mycy9jxnWK/OQnAhvQNhAbeg5qA9s22QDUsdDIP6qxC2TRcSofYuEqZmA7Tw3y67q39zN8xapYLOnUFS8mZJk3nMyILv+X,1a15c2b7-ab94-4733-aae1-cdc75993040c
T1,Fe9xyS6achapkt3k1CQViDvzdYJPLZBkRZz97vBzWpQOTuzTYgMNMwy8oXgqvU7khv69LlpMsBUdGgcmgzJoZH92w5WXNdV6,e1e6e649-3c7a-4fb9-9e8d-42e64fb78141
T2,Gi9q/jtnkHSESAZS5zWcGj/wB9w9ABsQwDC8ubHfoNJUNzhdr6Br5vE3r5uzA2J6jYgffjxLFguik0lt2N6Lh1cDV37iEMxh,e1e6e649-3c7a-4fb9-9e8d-42e64fb78141
T3,LaBThCacPBrlgk51sHcbCq4AfwHD1q/aIlHA7M/arDgRAK2IqOYOs7iVrmJX56GUkJ2qqaPEx3oTYTrvymiZ1zkYL4j3bpM4,e1e6e649-3c7a-4fb9-9e8d-42e64fb78141
T4,WnNtXGp2HHBbe+TPhKuec5uevKAbihcvXV/RItwQJhmHmXOf5j3WPyZ0ZOkhcB66MiiHVT1j0CpAeS2EeieZh/ZVwIM5DZ2s,e1e6e649-3c7a-4fb9-9e8d-42e64fb78141
T5,7UqIY/M6ZynF5v5bVRWquzBD8ios+JM35pUR+pkEJmr5cqXUsMR03W8oHeThDJa+c4wnwjpqE8WzsFDdBFc2AUl7bXu+8u9d,e1e6e649-3c7a-4fb9-9e8d-42e64fb78141
T1,CJnJV0HMuvYScjKeeNfx89T1I/MJcnJ1N39wsqQIn833BZOqEteTJx3rMBiyP8bvzmKeQqD3bHEB4rSWAiXSwtgeWdCZtIuh,900b7612-cb98-49a2-9e58-51c36430590d
T2,i7GhLw4O6QglQB7iweHLibCrwEXLGduAMAUp1MggA6VIQLSYwueZZddGO32ft44/0EEZXkmoyNY3lfQq8Ih8uNIsYzQRCCkI,900b7612-cb98-49a2-9e58-51c36430590d
T3,JYLb9awWJpnxHeQEypIBduYBRE8XmVHxu+xYWCGpAb+QqjGC5ef1amDdwTFYRzo5I2HXfH8BwoDTYc09p2eRAzQ9FUiS+Bgv,900b7612-cb98-49a2-9e58-51c36430590d
T4,pUJmX1O3dWfRZk+OvAiV+vXg3wqfTFb/NAqDZVLCgc3pKmXmN8JfZQfqlq60hqEVKJGV0ZJtgtoFgmmc3xBjd5aHGI6vPtAf,900b7612-cb98-49a2-9e58-51c36430590d
T5,wTmY6qKOgyDxlVFdca+ywNhbZKI1OGGZDIBIAJXzqI+8T/76sImvPP6ftVI1r3XB2BEJ1Lqwvlk3FwKZ4rtBh8INBx0mL28N,900b7612-cb98-49a2-9e58-51c36430590d
T1,6gt8gytD4hTdUTXILtddpw7P45NpsknzCtdPgJAuU2qfZl7164oC0aOWCiIxVJb8x5w7ceCwtVUmL0ywlQ4Jm4pkfZ5GgiUS,253a6a0a-6dcb-4d36-8587-858e3558d322
T2,yDiu4F/Jdxy20v74bjMtV8MMIr3Q1GVrXpKXfH/aIuMP9eXQtGkxzT3+M/9W2m9YygDX5Nc90Wh3oALvot0Es8fULix+F5yB,253a6a0a-6dcb-4d36-8587-858e3558d322
T3,+NF5hrS0OWBHlpfgUdu5OCuhlIBGHsY2gQswDZcUtpuvX6kJom0gvgDAawFtAz9Kuo5PO4CeZb75ay3632p/+rLoD39Jz9Ac,253a6a0a-6dcb-4d36-8587-858e3558d322
T4,BcxqyNqGqVPsIgM04GebKne0G24iCaLNVpvuMrZ9oXHdYMn3S2/VqjmCef1Z9WOnaa7xO+tekPQac1+3VLOMz2P0bmK0B3oT,253a6a0a-6dcb-4d36-8587-858e3558d322
T5,756tHtRnXpYSSJ8HT1C+4OqXIjefdJZzmQ8eVwn+xsZHM8Sn/1x8/4O0vSBiQQx13xijPDX84LuyLYPD7UvIEX1HzDDhyZR9,253a6a0a-6dcb-4d36-8587-858e3558d322
T1,rbB8YAjPUOOhLMNXFGxL8xE+nVhwNumGZRK/RihgXPmFEGdGxdiX6uiBtcKAZMLGFqcRyJpoEFEToVZN7+w9ANrBk748earo,53ba339d-7375-431f-9806-b8d1bf098b15
T2,RLkQwe4IvnInPFqejFofU+tj25uwgT2yzIeL2VFKdjx8HRKX5LO1Frs0OA881A/rFv1UzIo5whcPQNhrwvZbQeIPJg1LOS6I,53ba339d-7375-431f-9806-b8d1bf098b15
T3,oxmo8geojHRQjf35Ughfyt6BPJx9a2yfaANd+3IHC1tJJF2LNY5xcQ5/AxM94TDs+nDRoHOMiLQiRPP3kswxXCksQFshqcon,53ba339d-7375-431f-9806-b8d1bf098b15
T4,92EZkX/gOEn0wFeAAnwT2h6vEQjVvkyJOPjLgeMFLa2J0ISpPBPGb3ZeczRqDo33jMq2vguMX78RqsE400sDn8cZPnLzjVFc,53ba339d-7375-431f-9806-b8d1bf098b15
T5,w6r8uQ8hQhN+TE1zgiXLYGA6SLlglh/IF1/E/owma3somKbvJHfS3nDPM/gVpnd9AcqhjOKZPluQtJrL4d3YCd9Cbcl93po2,53ba339d-7375-431f-9806-b8d1bf098b15
T1,0HeltS8t/FEDbZiM+Bc2OzIrNPNGM93M9Zj01PT1leKAcWriDF84eYa5lWNE/g3BGkn2FHgzasJXM+jhub7S2f2IgySBSVWf,14faab67-d68a-424a-8b34-245d7a2655ec
T2,VnZrkwf0hO6QkV/vEs1H3/reTDSFA3O/2jU8g9xvIOCH1UY72vunYkOW9rxWoRi7vNMt2drH8RPkIwbPR9nNqo+PJzpiYxYX,14faab67-d68a-424a-8b34-245d7a2655ec
T3,/0hl2YBwotuu4BVjGihmUmWYJ7z9No6r7LqRr5+4BVDcsxMMwnjorMWHI7JH3b6PL8i6AF4WD+eVKiai2JCMYUKiTQ1zWi3+,14faab67-d68a-424a-8b34-245d7a2655ec
T4,ZrdnNYihz9dY/vLdnVJlb5oikGA0tVuH2k/9/fZXnYYwKqfw4huxnyT2M8viCgnYZnfhu/WEwxX1Atb1UpgORjkczoYvbOdw,14faab67-d68a-424a-8b34-245d7a2655ec
T5,KunRvZYzLW0DJo0szHvpnCFJhLqruUm+6FftAhCFy83f9teKhJndmBzDGw77rSoGQNB2mbLqi3EzMQH/AHVVU2zzW8MUBHum,14faab67-d68a-424a-8b34-245d7a2655ec
T1,EKeRVTKpky/QfV0megXDxZ6J8wOrrKJBKzPRM00cHeew4MRpPmmGHPqLuUa42DQOJJYTAP/XsF4fKe7sdSz7CyrlCkGB6qnM,633a0881-256f-4505-be66-2f3aa335a3a0
T2,x5s046E/iu4amNb8VZvRxSifDDS6pwy66SQdmWAudS2KdKIJXOUPjAYXC6RWYntax7PPntV5tsc/pWNtmWRhbLFb0yS+6+vy,633a0881-256f-4505-be66-2f3aa335a3a0
T3,t09RKimn0nDV3WUR/62kFV0BCwVfZKy4fstVzDbhPG83QIz7buuyvGSJFKB+IKXu64CrUA4jA7h8Bt4ktQj8MEfxB3M60cZj,633a0881-256f-4505-be66-2f3aa335a3a0
T4,UrhoVAlkGDSvBSc5JcR3uNOSQJDJ1ktfs9D8gt27T4TyLncPYdS3XT6uFnl7Ww7q6emWuWfLOWaMv1X+4ckoCzQZU5wYJfy2,633a0881-256f-4505-be66-2f3aa335a3a0
T5,CVS/hIHwq4MwZjvbYlKQr2ohtkfR0MDkoWEr87y2mjiWHsPxF/nfsrEhetNLYbQZkNlcw36TfQsJqjnTDa8daPJEMNWcWoep,633a0881-256f-4505-be66-2f3aa335a3a0
T1,kbmd5vCeDGRXtL4tXnlUYpG+ZwEf8RsedBubDZbBBI1huqKrkC9OCu7hi0T8p7q7Ehal4dRbpDFcgmLdAsUPd0GNqb/vjbI5,8cd3700a-c158-410a-bad0-1fd0c3645717
T2,9lseG3B/dYMiSFQeLLVEuZYL19yPaW62taTI6skDfe9i1z3/ZkN4m1TKl3aS6lSMhCXLExJNtx4MkmOYuiKF/wHnufsjp0rs,8cd3700a-c158-410a-bad0-1fd0c3645717
T3,iZCNIV99+QCWtzH9gBMuJlcVb0uLvuplmcwTZpfXmjP+qMRp8mDVLObyG+JwfIRmXlPzuEA6NGb62euC5dzN/ytGmOuFb/Ww,8cd3700a-c158-410a-bad0-1fd0c3645717
T4,VR8x/eO2qBDAmdCz7jBsocW1XP7gZhh83yxiLcoo155XUzViMXu1l8ZKwRfJmQQjn0qVbQ3z+Y3ketK0uYxzi1QzUExakUfO,8cd3700a-c158-410a-bad0-1fd0c3645717
T5,acMQaFMnUoFnwvPb8qcCaYZP9Rk63rKKKVvKHmz1khqG4ne0bhiz0xfOhII95/Dmb8Rr8XYOTJhzvAVpIl8XTeUk3rwz70ci,8cd3700a-c158-410a-bad0-1fd0c3645717
T1,h01w7Zgw9KxnphbYc00Sm9/gs1L18E2maEgt+JO2RnPF7o7WKDsV7SSSGuuaM7QLZdhxnA6ZMpAMqQXX+3XUlBfcXtTHVy5x,935ba3e8-f49c-4aa3-91ea-2a0ff4713c19
T2,jple8UQIHbhSxGdYYVa/dO+vv+A0jLL/FBZZ3/tmdbvkwikXSTW9hb0M3A4PtAVg4U/9S04eCDI0W+CsTQZu5CdRwmHGcWfo,935ba3e8-f49c-4aa3-91ea-2a0ff4713c19
T3,fR/TYVgxG4jlgRzsTWLvgVY3jKtDEElnnkN29R8ZVevNTAgqmQBJyzOK4IP7/eJVg9FMKVyPLGG/4xrRzy9Y6o6MqWVnpBsU,935ba3e8-f49c-4aa3-91ea-2a0ff4713c19
T4,DLh0GEOvlbXUuB9amLvlN94WEx5NyUzKFUuK1gCY8ncROVBb1OR34GhIXtxvfu8JBT4vLTLRqiZR0O2D40u9y8xR8TRUPTC+,935ba3e8-f49c-4aa3-91ea-2a0ff4713c19
T5,6kfB9ZC9gH4/DISflkWe1RcroZQ9Mr80CdAGscuhaoOngEHQXVz3wHhdYjs6Hb4tXZfcHs40EmtwUXc7TJt0GTrK2DFNsCFV,935ba3e8-f49c-4aa3-91ea-2a0ff4713c19
T1,5sGOMTUo+OhoivN3TT7SmYGy4A5W4A4ToSKz1GXJgnYPnUc10tHBe2dfS+8cy9RyxkskNSFiqdd0rOXkIJVm06swonBBmKnI,c6ad93fd-9976-4585-8d39-42c6745f8a51
T2,26jQfDGfPZOOc/Kn9pJyD9VFOI2g+sn1t04NWtRvsEGEM6PfBNiaLZtEyx1LbJLZ1qT0zv7PLI/KkMAKCV+9X28Z4DdAcgSh,c6ad93fd-9976-4585-8d39-42c6745f8a51
T3,4EXx4r4kYMwdi85WqkDS6rt8nfLMh8bq4hf1h0d8GhL0hFv+8iIqM+VcOnFahv/Lq7e1u22dIBqGbTvQmmfRzvlhUVOInWIz,c6ad93fd-9976-4585-8d39-42c6745f8a51
T4,7fTHVjofXoS46wv+bF7kjCqQ7ilHFf4NohrJYhYI3C7zxK6K+XZtRin7Q/rdGx3Jn8s+7c51+yHNruw4bOmhDpNfRHEr0GXd,c6ad93fd-9976-4585-8d39-42c6745f8a51
T5,SHPkUzoVO9amLr3/vLuY3TXrgru4k9bA1hqfdPTEDPEse1OMrAEa/nw1l152oN2NlaYzSELfVgFkm+Olfc6LqnjatYztc3zu,c6ad93fd-9976-4585-8d39-42c6745f8a51
T1,QVI03ruUfIIjkAQONT9sa9ORYZEl3REFawUc1nzfkvGhPKRzHh95g/2kbN1lahBXIZIS/WIx33eCy4B61Mz5+jeOqSqdjpsb,629f06f7-c4d4-48d2-a51d-12b14b175ce8
T2,UFvB47Tir7OeYdZQ+dClQhF+P6/mf2+ugqvNZcXlFc6bZz6lim9kipCDaMrOXpLTGxzNIOyly8g3XsSIrZtqZMfEGTR0dZCL,629f06f7-c4d4-48d2-a51d-12b14b175ce8
T3,6jrnmITec4C1gOHBUtGfkS58ZfCdFF8B38GSGc7lxBurF+g5MgywCjMhhLg+8q5Kxk4jHF0ibbDUMScsm/09NeZDe2kUu5bl,629f06f7-c4d4-48d2-a51d-12b14b175ce8
T4,MwZ3APnsGsXt9YVm0sL2XQgTzHyeFNM1DrfqTxcgszFKgW5BxKoznxgU7pIGqbauXcXTO5JKco/okYGXRM9noGf7/IrR5dNp,629f06f7-c4d4-48d2-a51d-12b14b175ce8
T5,zxpj7nFEaAXbI5jCR9vAbZhH9Pvg3Sg4Y6+0rumrpJATyQ9czFDS1WDP+i2dIMXgWzEkraUee0oEHPjEVkox9VPOu7IYzEDO,629f06f7-c4d4-48d2-a51d-12b14b175ce8
T1,P/USn884KIKZOCYu/g7ww6q2rPiJ+/Hpq39LJyYgi/iHsye69UC2zlADEGMktOKvMAY55pGSyXlVuduroWpVaMUyjZbuC4oy,bfab62cf-615e-417e-acf8-5bcb193f91bd
T2,oGidipYQxgR0s8DQyyKxm0W3pm+wEInVTTukqJ7ESEa0VK1yYIvkYYkz1DwWr6+lcFd7Tb9DSfo0NQ1kQWkkDiAmyK7hf0Pg,bfab62cf-615e-417e-acf8-5bcb193f91bd
T3,RVRpkhPPLGdrQ5LIRXtx2fmKYFmAvxzcWw9YEMFqMwGhZbfstR7l/NvnjVdo99Uew36hN84fFPp28y1WS9dA7jwqbs1jATsy,bfab62cf-615e-417e-acf8-5bcb193f91bd
T4,0cbW+UnU+zj9TIFOkZlp+ZtH/APsg0v9DO3Bkfr7LNcJd/Ss0NXBuLVH+abf9Of/2+i63cqU9PMD3ojXRy5dl2NyPvTuXy8w,bfab62cf-615e-417e-acf8-5bcb193f91bd
T5,YkSEfOMLOO5AOt2wGTjSArRVWT6VvyHxCPzXc66c/gGWAoNn6oh54AIJM6wDYgkJZs6zU90ZS1MH1Ci0JnZdk1XxIzAFvnZx,bfab62cf-615e-417e-acf8-5bcb193f91bd
T1,Sjfzz+8mnbsYXetI6fRDvwsRlvtXZ8HxzUicvXcac1rHjBzh1u1Yk5llqemanbuy+PByDPWkfd22jawl7cd7Jz/FpjyqhXEz,59336582-a082-4c28-ae26-d4676705da78
T2,hIgc2yi6YNEwSoyN5qQbYvstZdWYFKyOYdLb7seBphTTBRJhUhdzMV9yPIT5StwBXRvFcf9brYNd+TNrHZVo1c9bk75O2fIY,59336582-a082-4c28-ae26-d4676705da78
T3,D8qmprTg3ntDTodoZZ71sT0gxOPf59O6YWm/EE/INjr++fyC170JFKmljLz9oET5bZPDrjHKbRUnzbV8Z/lZEZ16gVOqcwbM,59336582-a082-4c28-ae26-d4676705da78
T4,xTXRHO0ulDEfTxiPrn1jI7nWJYABtJAjpp9kDuLb/w/a3N+VCiN30soCkjmjJply0AJCmVOw1FwqEUOxDk/UOqB1erQ64Ni2,59336582-a082-4c28-ae26-d4676705da78
T5,vS05GCOUkni7via2/Uot/DCDqh2BZC6PEz6ev8t93CPwGfVg4PVlW1HWDVBPvVhyMk+OCc27Mgfk9shOjGwm6a3xPXFptxH6,59336582-a082-4c28-ae26-d4676705da78
T1,6tqqnoN3TCafXazgtZzvj4mmtI+xyN3aBcjkFeSf5BETr9eOqCQvoJh/I2IGObUSh1ez/LLjzZWtHbbNQw94y5XYUP8e2dNO,f4be9a73-96e7-42e3-841c-602c2a28cdb2
T2,4xD+d0QwLHDBDW/+FGLhkibrPJQk+D3mRYL61zpWQ+esCJXuSBUj/b2d4HgVnqWqrNMnh2mVhsGiSlddqswZTD0w7buePlqO,f4be9a73-96e7-42e3-841c-602c2a28cdb2
T3,rC88nfDIF54qsQ5/x/9j0rzsjKltukGylR+PdCK38WUa5CRYLbvuN/MhccgKQh5c8xGB/S0e5wEunYUWKpT8lHzw7gfXsfIU,f4be9a73-96e7-42e3-841c-602c2a28cdb2
T4,sAndPBvxXFaZEnQDLSYjDtqR+2sxBUTZqqHIPIzRKzlfnExDjQEdwOeJvnorBTW6ng4M7D+dnNYTdV0+VSoDulGNX87HXAEM,f4be9a73-96e7-42e3-841c-602c2a28cdb2
T5,wWdkcVZZ88kU7UM+DhV4vX8/axFnE+En0pP1SrfkYN6UKKLYvJw+Btv7pifh4f1gft6quaResB+3uGAlzJHipsdqXy33O4fb,f4be9a73-96e7-42e3-841c-602c2a28cdb2
T1,6tYjeHB55xvHjVzoMuegVGQJWGcJIx7RV/cf2tuYi2strxssgPk/oyYBdoG8NWcZHEtMKqYwZwdUCQnaZWSUXIukyMYJGlQE,16d48c7b-f3e0-4325-a03c-53d0300fb848
T2,Hcf0egOqD0Cg2csxqLo5cgQYtHfBQgGJInGaWonjUNuRL8KvMmedjuFURxf2CEjwUTrcbwmAf31D3RsKW7o7t+492PBwmgH9,16d48c7b-f3e0-4325-a03c-53d0300fb848
T3,1PR6YUUNlxwbal41wpz2rTZ5O2nJkLJAt15kWTJ9OobiIkBhYzY4LHbihG2HiRz0o6hA5ELkf2Ef3PAl5bGxXNIbM20A604q,16d48c7b-f3e0-4325-a03c-53d0300fb848
T4,yuW8E+LLNFjeDB4+Wi4wNgpzy1P/NLZs7mVXl8JQb2Sgqcbup+u8I0+CPAlCoJx9WTQ/jHpd1ow2Ur9QzpgcURuD9sZi2jZh,16d48c7b-f3e0-4325-a03c-53d0300fb848
T5,CaKm09OLGo0jB6ueMjyouRqQVJkcg/glmB5ccwofgw6VdliC0IC0z8MItaWjJCLFlyYHSvkZ72On2/J48uqLECdRyXAd5lyB,16d48c7b-f3e0-4325-a03c-53d0300fb848
T1,eWzV7sCsuAbMiQQbokAmi49lod78khPBZZqG857xXpB/U3UDqqrBNcykkgRoSIPZE2vbBflAPiT6i06G8woeFIIbiH8AGiS1,97d4d45e-74a8-4004-bf00-ac81d41b0bdd
T2,UjPE89NrIJ5izm8g6NjiZwZVJUN7RrOtoovnqmzk/dCA4jJy4agFYoIJqTPuxaR496axkoqV7Z5fJfCJszU0i3PdIePbkuaH,97d4d45e-74a8-4004-bf00-ac81d41b0bdd
T3,b3hSM9fiMq5ucw4CMFmIGjbok1Q1u0dRmk7YJ+3jmXEqxYPnD3cqQQDWQ9GhsT8HeZOa+m5ty764tZn23AWCZZ6F4w3503d+,97d4d45e-74a8-4004-bf00-ac81d41b0bdd
T4,7yuoEVFhrICY641R3o0cEbYC3npegLULnHC8wbFrTYd1/CyAE6oUXKfj/sG0FsH/7cRxmIIzz18ZtfGthm66y6RFKqRgOA8P,97d4d45e-74a8-4004-bf00-ac81d41b0bdd
T5,U/slHyRklmKPtfFp6Tiqe7nRgmmZE9J6Lc69Er1IqdilIPFJTHSdy8ch5FhizanCVZBN7Us80oqercNpthCVM82Xw3QEeGDR,97d4d45e-74a8-4004-bf00-ac81d41b0bdd
T1,Oc/c1ohTXApfKq6oJGhOl4G9NDNfMPX70JJ6K0cIMm5Aloh5ut8cYybvWNhNQAW5KMxH4NWBuTwy8j5UGrxPKVpFrV8ZmAlE,65998014-410c-4a83-a2b1-4cb93269e0e7
T2,VIUKYf7aZh8Kj8lhuGhIge21njBY3Y8aQ1oYj//8sq7h3aHIcAvt7vFQTyY9UN0P7MfvU1uTkOGF7sLeES+NBAlnrl/fUe+y,65998014-410c-4a83-a2b1-4cb93269e0e7
T3,WgpNwh9VcgRIgAfdrMuL4pLK8j9R/FOdBoUJeaPR+WZb32Yuew07SACuqVCWjUhOs9dOUKrFSkgr6X+LsWDJRsKKA3QEE+/T,65998014-410c-4a83-a2b1-4cb93269e0e7
T4,SRUZzLFLVCyADO9EhtMlNLiWAkE7v/CDM0cd9Rq8GX4i/xFKxYq96oUKKhvu8TR+WLn2w+x144xkDmcufV7f3sInnruALArS,65998014-410c-4a83-a2b1-4cb93269e0e7
T5,L29jVj1jfyfAsVpB01wHi56cyOQs2hJzSk+9vbzl2kaHnZTl1NJqr8aEP5hVqSlCkMsoZZH9oASwRwVxitO+wQFKbALnzfRO,65998014-410c-4a83-a2b1-4cb93269e0e7
T1,ISa+KVVAZjcHZWKTOP0mN9VWN1Wseuh6DQWHT8do9pg3azDjdEwBfi6mWJPb+cCHwfNKPqbqQSgAxW/YttoERwG80bfc6B1d,6e0d45fc-a7cd-4a33-b25d-a0b9275110cc
T2,eQJvrV0rwbQhZBg7LefZ9f8h0nCO3jYAkSgDcnROOM7ADwjFXGDlkHoF8XfS7ZI/sb4Vs0oUm7dXILHh51rMuLDXdf5gjmPm,6e0d45fc-a7cd-4a33-b25d-a0b9275110cc
T3,wz1Pax53WdjsFMHwWp0n3S4aVAfO9ULI77sedk7+E4YGG1E8BmwxmeT3PY2R1z/1MP76LAUcQMJcrDu+C5QodWzmdgFbgFmd,6e0d45fc-a7cd-4a33-b25d-a0b9275110cc
T4,DAcIbBnei1GGhuJZn96XqyANN6IU6KxYEZ2hLJh7UA6JWH+wortA9euzPhkAcK6mmndBQZC6U/xcGwRpWpH8qqnpTcVJDp50,6e0d45fc-a7cd-4a33-b25d-a0b9275110cc
T5,nNbXVYDY60AAAzE1rU9ouvAA6e6IoqPy7BMn5aDksNrbOsszA5QNRhYzZLqEQuXPK6J/8+CW9ke/k3rgsDCZkHQjnh0BQeQy,6e0d45fc-a7cd-4a33-b25d-a0b9275110cc
T1,KuBhBmR/eQfJsphRYwf6SccDBew3YRSdXhbfVwargHXX2vsnmzMPotpIL3n7UBPilYXxH+xnYcMauoaHfh2Q6rnurbNpUii3,c4c2b509-18b0-4b8d-9454-cda359a6c5af
T2,npUanQdq8GKKIhTRHXyLDfqo4jBhEKteKTGIu6vmfmUEOHn3hjMk4Ike8khx4J1qcqEWsJT0sgEVtA7CiknG2R41svcozERy,c4c2b509-18b0-4b8d-9454-cda359a6c5af
T3,t+nX+cEg1l5bKy4IMt+aoXmmm2zu60oVFuolJC+WU3CyuuN4F9IPo2HMq14tqIOdhIgQLEJ01Adhy76bkC+eb7rdYQn+c1jQ,c4c2b509-18b0-4b8d-9454-cda359a6c5af
T4,oE3uhtUFYlGZI6etxOmIK3ee2yCUApbreettySk5VxUZBmreQTMekDUDyVBTsnojDwnIEHOlhAqBqZqd+e5BHFiWrUcfUxC5,c4c2b509-18b0-4b8d-9454-cda359a6c5af
T5,aPZARws/0EDP5vy3Z6C5CInLCwuXP8V57eGX+FoolOlRxOB8uO+jpc+tdb7iPHoAeTODNlAAE6me25IBqGIhFRnBiur7Hvam,c4c2b509-18b0-4b8d-9454-cda359a6c5af
T1,xQblFvKa7Rp9VuzhDsr143oKCAsHEUU++LtVpDLIqG1zVdS/dsjaau8fcDqpMq2z9YEn3v9p58bfakYBKJIgx3iWFFT6Nql/,1092ea1e-f757-4bbd-831c-323b4a010bfe
T2,rlCGV0wRJE8qxz1uLb49s7CRArO/DAUOOBHIb6dqcKlYTkZ/YN7C4JpwFnQ4UAdioWDsYHERDHxgKdg0ZQOcK1DLhDeT4fCU,1092ea1e-f757-4bbd-831c-323b4a010bfe
T3,xy1fw0cE2cV5ZczD3u3X9PvAsDHHkthF40gGB8mb24bmtY6enw+8HuRyb4VbfyXg+DvpTpEQF/6ufX6W88W8zi3YIno3Pca4,1092ea1e-f757-4bbd-831c-323b4a010bfe
T4,h2H2iCUJygS5Ohy7vTdsywJ58RNigfm9XUPq9ecHZfbSXVuQM3pyExJvxU4VT+BPNVxzFnoat9gdzFqU1KDXta8NDr7MMJLs,1092ea1e-f757-4bbd-831c-323b4a010bfe
T5,Mg+XzcLWWRNSy2rzW6iCT0cZoVkmisI2xVwwZ5HbVApqwDsgS01CkmECfyAUSxNxbSnxNnvd4Jb5qpopDJcZ0V0+SXi89T4u,1092ea1e-f757-4bbd-831c-323b4a010bfe
T1,9CRVNrj91cwmrU22puNUkHlU2MYjsNp+Uj84aL+DSFOg/U7yC9XvjdK4lm2EaLtQ+WXMoqGpLFo9HwiIXqzDTkU/x6RglPb6,1f472722-d8e1-46a4-bcc7-606c49b6ece4
T2,LpHzz7bcVVQc/ixNdsIoG5oNPFkQRjwVE67AYIYBaqbdbpltLlkepWDTcU6D2itCbbr4tfM6w9VPWcu4x2OFSeecZ1xH+a8N,1f472722-d8e1-46a4-bcc7-606c49b6ece4
T3,9HKfouh14X15qsX8QkdSzRs0cUPXRIGuceL2z00Y5ALc4MgRyGCe9p4CyGG+WUaRupINALsuxUhRYPyGzGF6ue81QUfche7v,1f472722-d8e1-46a4-bcc7-606c49b6ece4
T4,91805/b88N+SVNmzTeOVKAweYzF76w0RDJSWHY3mhXwei6N8uTPknfDATD7QUPiUAP+8VW2XkKICio+q5OmSnlMF2NSQcJDm,1f472722-d8e1-46a4-bcc7-606c49b6ece4
T5,tp8BpzON0eZGeSR9rt4QiDGhW0d7OfUsJ+0EPpcqu4Dt2fsdKljr7YS7kuLV5f44oOx5AKyCKnlgTPsTdYyOP7hzz0EUEncQ,1f472722-d8e1-46a4-bcc7-606c49b6ece4
