RecordId,FirstName,LastName,Sex,BirthDate,SocialSecurityNumber,PostalCode,MedicationType,PrescriptionType
d47a4dfd-8c79-42c3-bf9f-b5e7643769eb,Shuri,Mantis,Male,1982-02-06,216-88-4089,10682,Invisibility Serum,Emergency Use
02ada3db-a8b5-4833-8004-2dac09094db8,Reed,Grey,Male,1983-02-15,597-71-2427,10440,Power Suppressant,Post-Battle Recovery
2b9a26de-02c1-4b4f-bc8d-306db5e6817d,Carol,Barnes,Male,1982-05-18,184-39-0232,10725,Mutation Stabilizer,Chronic Power Management
55da8689-d642-4b8e-b58c-e03ed1a541b3,Ned,Banner,Female,1984-03-27,611-60-8670,10257,Flight Stabilizer,Daily Maintenance
3d5f2386-97fa-4cbe-b26e-5b8e1c502613,Max,Octavius,Female,1989-04-21,530-58-1983,10253,Flight Stabilizer,Preventive Care
7237544b-c0fb-447e-a082-3472f05e4cec,Bobby,Rhodes,Female,2006-12-13,835-63-1495,10481,Super Serum,Post-Battle Recovery
e4263551-7c95-4857-9fbf-739c37cfb41a,Heimdall,Dillon,Female,1965-08-12,631-73-4931,10415,Super Serum,Experimental Treatment
fcd5012d-2492-4a09-b5d4-6b7e00050882,Bruce,Borson,Female,1956-08-24,591-81-0879,10155,Super Serum,Pre-Mission Prep
fdc18b8b-717e-411d-acea-d5003af9259a,Darcy,Carter,Female,1955-08-03,212-54-6382,10926,Invisibility Serum,Chronic Power Management
44a3e11f-a244-4b81-aad4-7a423d2a9e1c,Nick,Lewis,Female,2004-11-16,828-84-8667,10008,Flight Stabilizer,Chronic Power Management
af940ef6-850a-4daf-b40f-afdcd08500d1,Barbara,Wingfoot,Male,1967-03-09,222-95-7934,10283,Telepathy Blocker,Experimental Treatment
ec70cd98-89a9-4e6a-9b47-cad3940e72de,Franklin,T'Challa,Female,1986-08-22,335-52-4845,10567,Invisibility Serum,Post-Battle Recovery
5f3d491c-b953-4f0a-9a1d-b6a9c5c2af64,Otto,Banner,Male,1952-10-13,254-26-0334,10636,Invisibility Serum,Pre-Mission Prep
bc3d4103-5b41-4154-b823-adc998287a9c,Arthur,Drax,Female,2004-02-29,271-06-7528,10549,Telepathy Blocker,Post-Battle Recovery
5c291287-388e-4b9e-8974-58d227e8df2f,Hank,Khan,Female,1954-07-04,571-32-1989,10467,Super Vitamin Complex,Pre-Mission Prep
8d56ac32-be0e-4efa-899c-5131fab05298,Pietro,Howlett,Male,2000-05-12,552-34-9578,10438,Super Serum,Chronic Power Management
1aa68e6b-7521-49ce-ac6b-43bd20401661,Ororo,Masters,Female,1999-06-30,724-55-9190,10009,Telepathy Blocker,Acute Power Surge
15c766a3-3b0a-4752-8fa7-a7bcce1d8a4b,Clint,Rhodes,Male,2005-07-26,084-54-9563,10578,Flight Stabilizer,Chronic Power Management
4649e5c8-57c4-4ec9-a2cd-0f702023412a,May,Prince,Female,2001-09-12,042-98-2871,10481,Power Suppressant,Chronic Power Management
5e31129a-b605-48f6-a950-e03e9ebd8207,Cletus,Woo,Female,2007-07-04,349-15-4809,10445,Healing Accelerator,Experimental Treatment
03e6900c-83c5-4011-ac19-9320a0b8ef11,Erik,Allen,Male,1950-03-29,419-58-9730,10481,Mutation Stabilizer,Experimental Treatment
856670ff-1a09-494c-88a2-33cf7d35435a,Wyatt,Masters,Male,1993-10-20,225-35-7141,10497,Flight Stabilizer,Experimental Treatment
854245b0-e2b2-4252-a265-3260ad275601,Harry,Danvers,Male,1974-09-04,251-29-2287,10754,Strength Enhancer,Acute Power Surge
a00248a1-2dd7-4006-9ba3-0c7b6891c8c4,Kamala,Heimdall,Female,1957-05-07,482-03-8838,10053,Flight Stabilizer,Preventive Care
b2c3f77c-784d-4da8-89c5-747be48dab06,Max,Kurt,Female,1989-09-15,628-93-8271,10436,Invisibility Serum,Acute Power Surge
61289c93-2cf5-464e-935f-afe1006cbc7d,Matt,Wilson,Female,1990-09-25,073-88-3825,10946,Energy Boost Formula,Post-Battle Recovery
c55ef0bd-1f88-4777-b652-53ad1370f0c0,Curt,Murdock,Female,1957-02-27,877-30-1655,10389,Super Vitamin Complex,Preventive Care
9387a790-76be-4a57-a74e-bb684e6cfbe5,Curt,Valkyrie,Female,1988-01-01,421-60-0888,10689,Energy Boost Formula,Preventive Care
e7629ecb-5c12-492a-ba74-c156e569f815,Rocket,Dillon,Female,1964-10-22,862-60-2092,10637,Power Suppressant,Acute Power Surge
84b38604-d127-489c-8a6d-ad60774f0b1e,Peter,Connors,Male,1985-09-30,337-36-1138,10990,Invisibility Serum,Preventive Care
324e2426-5340-4780-9114-97bbd236fa02,Alicia,Curry,Male,2006-02-12,217-34-1331,10160,Telepathy Blocker,Pre-Mission Prep
9bc61abb-fb04-4cc8-a2c3-cfb2f275c718,Howard,Thompson,Male,1990-11-10,425-81-9432,10199,Invisibility Serum,Daily Maintenance
fd6e5f88-6ccd-480f-bdf7-4001a2c0a803,Eddie,Titan,Female,1967-10-17,078-76-3979,10104,Mutation Stabilizer,Acute Power Surge
5318883d-0fbe-4840-b962-18de3ca2f072,Sif,Drake,Female,1991-07-04,256-10-7261,10827,Super Serum,Experimental Treatment
4cf3262a-e989-40d3-9997-d8a63eb3420d,Stephen,Khan,Male,1950-11-02,470-80-9225,10102,Super Serum,Experimental Treatment
07431018-91e2-40de-855a-95b3bcf0c76f,Harry,Lang,Male,1963-09-18,383-98-2647,10552,Power Suppressant,Pre-Mission Prep
75b2f671-541e-4336-9c10-5cda80a40856,Thanos,Hill,Female,1976-09-04,882-76-7026,10312,Telepathy Blocker,Pre-Mission Prep
56e323aa-fd35-4aff-bf44-2fa20c8d2069,Luke,Borson,Male,1964-10-08,389-01-6397,10271,Super Serum,Experimental Treatment
0b6f329f-f81a-49e9-bf03-b4d9b507aa1e,Natasha,Maximoff,Female,1979-05-15,217-59-5356,10345,Healing Accelerator,Acute Power Surge
9d0bc17e-f843-4d44-94d5-243ff461915c,Frigga,Parker,Male,1979-10-21,803-53-4066,10273,Super Vitamin Complex,Preventive Care
72f5e243-3796-4b28-8190-2315d979c1c1,Otto,Jordan,Female,1997-11-15,390-41-7995,10893,Flight Stabilizer,Daily Maintenance
12930559-51f6-4fad-b4f3-13e78a6c945b,Betty,Banner,Male,2006-08-16,702-37-3728,10764,Super Serum,Preventive Care
0b1a9008-3937-4df2-b183-805b36594813,Arthur,Vellani,Male,1989-10-21,171-89-4907,10925,Power Suppressant,Daily Maintenance
fdcd7ca3-cb05-459f-89b3-ef74fd9a8e8a,Wong,Khan,Male,1976-04-27,368-48-7057,10149,Energy Boost Formula,Preventive Care
7e322d14-f8c3-4251-81ce-f53ec9011e91,Pepper,Kasady,Male,1965-04-02,180-11-9986,10891,Telepathy Blocker,Post-Battle Recovery
b974ef33-a62f-40ae-9ef4-fd28085779be,Hope,Rhodes,Male,1970-10-31,473-82-4162,10470,Healing Accelerator,Daily Maintenance
0616b584-da5d-4964-b8ac-259bd365acfd,Aamir,Carter,Female,1999-01-14,162-10-7238,10967,Strength Enhancer,Chronic Power Management
c9b243a3-017f-46b8-ad48-cb02abcbeb60,Harry,Sif,Female,1990-12-26,867-39-3264,10393,Invisibility Serum,Emergency Use
08422980-e0f0-4d1c-8ddd-2ac93e5c184c,Frank,Titan,Female,2001-07-27,303-90-4838,10022,Telepathy Blocker,Chronic Power Management
03e0e514-8521-4812-a09d-3a92dea48f03,Clark,Potts,Male,2004-05-27,765-64-4690,10794,Energy Boost Formula,Acute Power Surge
8352adff-40c7-4136-a43a-5fd778a2ef66,Danny,Osborn,Male,2005-09-14,257-87-2241,10643,Super Serum,Daily Maintenance
a981a590-69ee-438d-b185-06383507dfe3,Shuri,Khan,Female,1952-12-29,594-47-2154,10092,Healing Accelerator,Acute Power Surge
32d8fdde-2c29-4025-aa02-dc272792d278,Wyatt,Heimdall,Male,1968-01-06,136-70-5995,10543,Flight Stabilizer,Chronic Power Management
daef6979-c8ed-44c3-8f36-fad5d3d17b29,Kurt,Maximoff,Female,1976-06-24,766-44-1887,10479,Super Serum,Pre-Mission Prep
77554592-a138-4e8d-8d2c-ae2558dbe801,Kamala,Rand,Female,2000-01-01,375-12-6465,10014,Healing Accelerator,Emergency Use
52bfcb2e-1cc5-4df0-a862-d3c9cf11204a,Phil,Nebula,Female,2002-06-11,391-82-6087,10110,Energy Boost Formula,Experimental Treatment
c364d2a7-d832-4df8-bcc7-490dfcabca58,Peter,Brant,Female,2004-09-25,227-83-1036,10650,Invisibility Serum,Chronic Power Management
4d11dc0e-47e8-4ce6-9ff7-0164ca71f9b8,Otto,Frigga,Male,1962-07-17,047-05-4987,10504,Super Serum,Emergency Use
20187dbc-c854-4ee9-a930-eda989b89012,Frank,Woo,Male,1984-11-13,465-48-8851,10429,Super Vitamin Complex,Pre-Mission Prep
6f5fc726-240b-49ed-afee-27aae27810cb,Heimdall,Octavius,Male,1993-11-25,631-53-4584,10033,Strength Enhancer,Post-Battle Recovery
7c5b43b2-9dd6-498c-8d87-7f66d97f67fc,Nick,Fury,Male,1982-07-16,102-88-6019,10557,Strength Enhancer,Daily Maintenance
c96c7cd8-845b-482b-be71-9c3a6c32097c,Hela,Rhodes,Male,1960-12-16,870-59-1502,10678,Energy Boost Formula,Daily Maintenance
9c557078-9f2f-4637-9d92-4e81e137354b,Natasha,Khan,Female,1971-11-08,129-73-3363,10070,Flight Stabilizer,Post-Battle Recovery
109503aa-8d89-4410-a6fc-384f5043cd14,May,Cage,Male,1979-06-24,794-19-9765,10002,Healing Accelerator,Pre-Mission Prep
69728e7c-c0bc-4d1e-a396-38f38c79bb8b,Wade,Lewis,Female,1965-08-27,113-85-0423,10134,Power Suppressant,Acute Power Surge
d4b0ffd7-50cd-49f8-81cf-d1afb1a92856,Yusuf,Khan,Male,2002-10-30,332-03-2855,10271,Power Suppressant,Pre-Mission Prep
94266e77-9c92-45d4-a310-b5160172ec37,Alicia,Heimdall,Male,1955-09-14,488-58-5932,10525,Super Vitamin Complex,Emergency Use
9e39e4e9-2db9-41eb-b36d-c813e9797fb2,Maria,Lang,Male,2005-03-08,045-94-8544,10308,Invisibility Serum,Daily Maintenance
1f42352e-384f-420f-b636-494e751eaaaa,Thor,Pym,Female,1988-03-30,704-14-8033,10729,Invisibility Serum,Emergency Use
d73ca06c-41a6-4979-b1ff-66fd1b63f8e6,Hal,Wong,Male,1955-11-23,130-36-9591,10561,Strength Enhancer,Preventive Care
34ec2b25-a0be-4edf-9153-17c2736684d0,Ned,Kurt,Female,1990-09-15,518-78-7049,10101,Super Serum,Post-Battle Recovery
9d42d3f9-d83a-4224-8208-b7a98463b0b0,Valkyrie,Hill,Male,1987-02-15,348-59-6533,10425,Super Serum,Acute Power Surge
a8e3925b-4573-4a85-8c08-436cf735e6ec,Sif,Strange,Female,1983-08-01,157-88-7771,10068,Super Serum,Emergency Use
aea1d643-fbd9-4e19-a6e3-b4bfed8342a1,Oliver,Valkyrie,Male,1983-06-07,833-17-9116,10061,Super Vitamin Complex,Acute Power Surge
b1f2636e-6bf5-4d43-ad2d-554d9dfa5cfb,Max,Gordon,Female,1981-09-21,896-86-6930,10888,Power Suppressant,Chronic Power Management
88a44004-8c56-4c7f-9474-fd7691245722,Ned,Udaku,Female,1959-04-18,592-65-3486,10158,Invisibility Serum,Post-Battle Recovery
7f64a89f-d0ea-4bc5-9a2c-e074f0cbdb77,Victor,Gamora,Female,1960-04-22,782-36-9407,10231,Telepathy Blocker,Daily Maintenance
5514e64e-5ba6-4c7b-8569-ddfa18cf2c6d,MJ,Connors,Female,1952-08-06,185-35-5063,10943,Strength Enhancer,Acute Power Surge
b8615e69-28b5-4115-a0d2-4e8eb789d8e5,Bruce,Drake,Male,2000-10-22,675-52-1141,10145,Power Suppressant,Emergency Use
7ee27e8f-017c-4303-b721-4bcd7e08c796,Wyatt,Kurt,Male,1983-10-02,430-59-5586,10161,Strength Enhancer,Chronic Power Management
e34278e9-a6a6-4924-8114-70cb0b87ad66,Franklin,Wong,Male,1954-09-20,160-21-0816,10690,Super Serum,Chronic Power Management
5fcd6ace-ff94-4b70-81a6-1d55549f54a7,Nick,Connors,Female,1993-07-28,622-57-6786,10279,Energy Boost Formula,Emergency Use
6c8b7ded-5b76-4b80-86cf-a23c99e8a256,Gamora,Valkyrie,Male,1975-05-31,696-87-9718,10498,Flight Stabilizer,Chronic Power Management
9a0c762d-7ac2-4095-8d1c-116392090ab9,Steve,Rand,Female,2003-10-08,057-01-3350,10308,Energy Boost Formula,Pre-Mission Prep
65be75fa-6b88-4755-873c-4be3ddbb068c,Iman,Maximoff,Female,1979-06-09,123-01-8150,10764,Telepathy Blocker,Pre-Mission Prep
2eeed249-92ad-4ccb-9545-d633052edfcf,Wade,Titan,Male,1994-11-18,573-86-5803,10073,Telepathy Blocker,Daily Maintenance
658aea19-1509-4303-8d0c-951ba5635885,Valkyrie,Prince,Female,1956-12-26,884-41-9434,10439,Super Vitamin Complex,Preventive Care
ecd5dd20-268b-4a66-892f-0b90ccb74021,Johnny,Osborn,Female,1975-12-22,118-52-0342,10989,Strength Enhancer,Pre-Mission Prep
fd63c043-8b48-49bb-a356-dffccc84db6e,Aamir,Brant,Female,1982-06-19,091-56-1735,10249,Telepathy Blocker,Preventive Care
bb701ae3-f495-4300-b1f8-f0fb4a8328b2,Kurt,Jordan,Female,1977-11-02,765-44-3631,10341,Mutation Stabilizer,Emergency Use
cbb83260-c3d8-47f1-a66c-5616ecccd99f,Luis,Osborn,Male,1997-08-08,523-25-5725,10359,Mutation Stabilizer,Post-Battle Recovery
d2547588-77c4-4d53-b7e8-db83044f14bf,Victor,Summers,Female,1967-09-13,178-78-2505,10778,Super Serum,Pre-Mission Prep
88fdf2e0-1f55-44eb-9cd0-4244d321a03b,Bruno,Stacy,Female,1991-08-16,774-73-9495,10459,Super Vitamin Complex,Acute Power Surge
ef3f82ab-b138-46d1-8c4e-bfa396a35dc3,Gwen,Strange,Male,1989-06-15,070-61-7246,10646,Healing Accelerator,Chronic Power Management
e22fb34f-099e-46dd-a4ad-9bc6ec1b6c6d,May,Odinson,Female,1995-07-08,076-40-7566,10462,Power Suppressant,Daily Maintenance
79083652-a1d8-455f-bc27-f85ea6c84f84,Nebula,Wilson,Male,2007-11-02,886-12-9734,10519,Telepathy Blocker,Experimental Treatment
e7ecb938-6ba1-4d33-a311-59f2ac0313a6,Rhodey,Selvig,Male,1990-05-07,831-74-3085,10329,Super Vitamin Complex,Experimental Treatment
610825c7-0688-44bd-84f9-29e057e17680,Scott,Grey,Male,1990-06-02,106-44-1382,10516,Mutation Stabilizer,Daily Maintenance
519888a5-eb45-4e82-8a9c-2950a9a093d4,Clint,Storm,Female,1989-06-03,537-67-9992,10162,Strength Enhancer,Acute Power Surge
a06b37c2-bcb3-4ced-b9c9-4adaaa71d03e,Sam,Laufeyson,Female,1980-05-10,697-77-0858,10808,Strength Enhancer,Emergency Use
7eb25ca6-9d93-4e24-aa67-1421dda74171,Groot,Curry,Female,1975-06-29,259-93-9875,10894,Mutation Stabilizer,Acute Power Surge
d4e4c87c-0235-4044-b5ed-50bffc1eafbe,Hal,Rhodes,Male,1981-05-20,318-84-6422,10132,Super Vitamin Complex,Emergency Use
5613672c-0bb8-43d6-83e1-e160b823c948,Shuri,Foster,Female,2007-09-24,812-43-2094,10686,Flight Stabilizer,Emergency Use
1f6c9bb5-b39e-4de8-9d70-2e0f05ae8242,Norman,Dillon,Female,1995-08-15,371-03-5941,10316,Mutation Stabilizer,Post-Battle Recovery
15bfe143-ec2e-4b0a-9e05-f7a264348cf2,Rocket,Carrelli,Female,1967-03-24,232-18-2539,10079,Healing Accelerator,Emergency Use
af52f250-32c9-48de-a56d-d4e43cdc2e5f,Scott,Carrelli,Male,1980-03-19,899-99-2148,10611,Telepathy Blocker,Pre-Mission Prep
72756241-e90e-4f3f-9787-6e593d34cb67,Ororo,Drake,Male,1989-04-07,045-53-5969,10692,Energy Boost Formula,Experimental Treatment
7618b47a-f893-475d-9ba1-c4050436a218,Flash,Wilson,Female,1970-12-29,547-31-5071,10988,Invisibility Serum,Post-Battle Recovery
0d834ff1-3fdd-46e8-9217-90ed8fe8c170,Nebula,Brock,Female,1991-06-03,789-37-6257,10514,Flight Stabilizer,Preventive Care
2eee3e4e-76ba-4fe1-ab67-b5eb35b4affa,Ororo,Rambeau,Male,1972-06-06,054-83-7874,10895,Strength Enhancer,Emergency Use
f8ba6b02-bfe9-4f4d-9db3-f392491550e5,Ben,Dave,Male,1975-07-29,086-98-2627,10279,Invisibility Serum,Pre-Mission Prep
d79fd5aa-fce4-49ee-845d-8343d3e89293,Valkyrie,Queen,Male,1990-06-22,358-04-6798,10054,Telepathy Blocker,Acute Power Surge
d91d165e-ce29-4918-87a1-40b7c0f35d56,Frank,Laufeyson,Male,1983-08-21,230-04-5222,10953,Super Serum,Acute Power Surge
85e5058a-2132-413d-a8f3-60b164e58227,Yusuf,Summers,Male,1953-06-09,294-61-2274,10777,Invisibility Serum,Experimental Treatment
9a46c59a-c769-4635-a03f-8869b8d84a9c,Flash,Wayne,Male,1951-09-15,263-28-2450,10561,Super Vitamin Complex,Preventive Care
9cfc2072-5608-46ad-8fb7-f74569423d94,Kara,Bahadir,Female,1971-04-27,309-16-0783,10244,Telepathy Blocker,Experimental Treatment
f94582df-c3da-4b22-8ba2-0ca0245a7309,Bruce,Danvers,Female,2003-07-15,549-03-8444,10588,Energy Boost Formula,Pre-Mission Prep
6efa1424-9743-4611-8184-7fbe50bfe009,Bucky,Sif,Male,2005-02-27,362-31-9350,10426,Mutation Stabilizer,Emergency Use
5082665b-5b0a-4bd9-a4b6-ad935dd47251,Kurt,Mantis,Male,1997-03-12,558-65-8317,10567,Power Suppressant,Preventive Care
b21edf2d-aa21-4ebd-abfa-0d13df6d1002,Howard,Rogers,Female,1983-06-29,260-96-0267,10365,Super Serum,Acute Power Surge
